,zcta,poverty_rate,unemployment_rate,median_household_income
0,11804,4.174694926140013,0.9766684753119913,112946.0
1,11930,4.081632653061225,0.0,102639.0
2,11941,4.117974401780746,0.0,123125.0
3,11962,0.0,0.0,113182.0
4,11702,4.156929395935132,2.287112836526289,130337.0
5,11710,3.585911250144827,2.4926686217008798,136281.0
6,11530,2.892426505409639,2.4116039149986777,168019.0
7,11566,3.0063671311869293,2.017085011101494,152337.0
8,11705,4.4812848076674,2.119309262166405,112193.0
9,11709,4.543429844097996,1.6666666666666667,108951.0
10,11714,3.4607097313222814,1.9857158316199546,114095.0
11,11722,9.426008684352318,2.4167159471712987,75021.0
12,11725,2.8847814821212645,1.6217769748727213,133893.0
13,11727,5.947880097218471,2.527771955564871,82655.0
14,11730,4.787587735500554,2.284102284102284,122826.0
15,11746,7.397962987816699,2.7063040744702813,116560.0
16,11765,2.6854219948849107,1.6556291390728477,250001.0
17,11767,2.6457185608379246,3.0446549391069015,116599.0
18,11769,4.309927360774819,2.32817510107347,103864.0
19,11901,11.14365040124748,2.4789097988319275,66438.0
20,11950,9.928127664758192,3.417393353759133,95278.0
21,11952,1.2774451097804391,1.1108737449262978,92042.0
22,11717,10.879248571705238,2.6845908522062087,82237.0
23,11718,0.7496740547588006,2.580909463334699,127931.0
24,11733,2.2819050060893535,1.714794744265459,155455.0
25,11742,3.4021283456949374,2.8820441715361,107056.0
26,11753,4.623647544173737,3.4671532846715327,175724.0
27,11756,5.315507031828275,2.688157128193747,125486.0
28,11763,8.622528801024036,2.945271952403055,88438.0
29,11766,3.114334470989761,3.1824388194517383,133050.0
30,11771,3.6174863387978142,2.6671974522292996,121481.0
31,11778,4.057417855957517,2.9726890756302518,97790.0
32,11222,10.176545795816217,2.7175064306249053,93488.0
33,11233,27.144033964894493,3.1686754712142586,44905.0
34,11235,17.116179908042433,3.057214233487692,54646.0
35,11426,7.682890999902066,2.706639155237286,98987.0
36,11427,8.541770885442721,3.0083144368858656,79385.0
37,11042,,0.0,-666666666.0
38,11101,16.848089408572626,4.896887603683129,75581.0
39,11205,27.670268355327256,5.185909980430528,58872.0
40,11215,7.089106631559258,2.709037880007873,132091.0
41,11219,34.96036995579074,2.9932752431193435,40683.0
42,11226,15.744286347696402,3.7539966146323116,58257.0
43,11228,12.070177029263096,2.9407719182415892,72902.0
44,11236,12.532992081900343,3.2615033433820884,70793.0
45,14706,13.68628093755122,2.4154589371980677,57031.0
46,14709,15.262778977681785,1.981981981981982,47500.0
47,14710,17.56835369400814,2.0378977475867,61567.0
48,14711,12.57617728531856,2.0911127707244215,50000.0
49,14729,14.872364039955604,3.670886075949367,65000.0
50,14011,8.224981738495252,1.5887251761691221,68938.0
51,14020,14.813475016956817,2.0715731174778997,53841.0
52,14030,13.88733965421082,1.2684989429175475,65000.0
53,14132,10.762651461154668,2.6287668305193415,71678.0
54,14201,43.962982183013324,2.6824837020412526,29554.0
55,14206,21.647291615137274,3.7948413874888822,40751.0
56,14210,26.619262179667697,5.373811393178051,37380.0
57,14222,11.12146366254447,3.2375740994072046,58957.0
58,14301,39.389835908873664,5.58826567503357,27550.0
59,12737,10.10886469673406,2.4275118004045853,79946.0
60,12738,18.75,0.0,58500.0
61,12740,13.169533169533171,0.8274984086569064,70109.0
62,12754,23.244094488188978,5.053626613343028,41659.0
63,12758,15.772870662460567,1.5165583410708758,51386.0
64,12815,11.247637051039698,2.1645021645021645,55125.0
65,12822,11.544823023486602,2.089735709895513,58668.0
66,12827,5.337389380530974,3.5415970598062145,67885.0
67,12841,6.0606060606060606,1.8181818181818181,51250.0
68,12842,11.668757841907151,0.13736263736263737,58398.0
69,12845,5.946935041171089,2.1899668958492486,61868.0
70,12852,8.64864864864865,1.4577259475218658,53875.0
71,12858,12.931034482758621,0.0,102727.0
72,12860,19.80392156862745,2.2540983606557377,72339.0
73,12863,7.18562874251497,3.376205787781351,104018.0
74,12865,14.200680272108842,3.069139966273187,57061.0
75,12169,3.571428571428571,6.910569105691057,102857.0
76,12176,17.29490022172949,0.0,-666666666.0
77,12185,3.0607124937280483,1.4621741894469167,80500.0
78,12202,33.0016782546152,4.361605795351645,27750.0
79,12008,4.04191616766467,0.0,97083.0
80,12028,8.362779740871613,2.759526938239159,74091.0
81,12035,13.850415512465375,3.074433656957929,58250.0
82,12061,3.986006572670412,1.425891181988743,98226.0
83,12092,2.6595744680851063,4.450625869262865,35878.0
84,12110,3.396104941252213,2.0128386465020127,81953.0
85,12147,8.829568788501026,0.0,76250.0
86,12160,5.613305613305614,6.216931216931217,65469.0
87,12180,19.643996295915215,3.553008595988539,55315.0
88,12184,10.733778047301394,2.1164021164021163,75757.0
89,12196,8.465303771955082,1.2495266944339267,94766.0
90,12198,3.4951703101169294,4.251469923111714,77714.0
91,12208,15.192571888767825,2.4202944603325918,64295.0
92,12210,22.50860899509548,4.758418740849195,40966.0
93,12412,11.416490486257928,0.0,64702.0
94,12423,21.523809523809522,1.7064846416382253,52708.0
95,12427,13.953488372093023,0.0,-666666666.0
96,12434,15.320665083135394,2.414772727272727,37434.0
97,12442,15.703703703703702,4.397394136807818,29091.0
98,12448,0.0,0.0,123393.0
99,12449,6.444977716832362,3.0173827484421123,52799.0
100,12458,15.413135593220339,1.8698870276587458,46488.0
101,12459,0.0,0.0,-666666666.0
102,12461,9.250302297460701,0.0,80808.0
103,12471,8.896797153024911,0.0,78516.0
104,14024,13.298902517753389,2.2672064777327936,64583.0
105,14075,5.902769579486695,1.5866808201575506,73610.0
106,14081,21.209117938553025,7.142857142857142,46389.0
107,14091,21.68141592920354,4.6538024971623155,52434.0
108,14127,4.111062556724596,1.639881928501148,90210.0
109,14836,2.73972602739726,6.3711911357340725,72750.0
110,14850,23.832634752555336,2.2014490990912723,55987.0
111,14865,17.922457937088517,2.423469387755102,43846.0
112,14872,1.7001545595054095,7.553956834532374,58333.0
113,14873,13.56393315196269,2.8282828282828283,49761.0
114,14881,0.0,0.0,81797.0
115,14569,11.584833129477547,2.8294260307194827,55147.0
116,14606,19.096406972607614,4.057428214731586,44553.0
117,14617,5.535541692294175,2.862127241999673,69677.0
118,11428,7.636711484296116,3.343601591580028,78368.0
119,11433,16.355140186915886,8.790189612530915,54253.0
120,11507,3.4740484429065743,1.5611885177102567,133324.0
121,11510,4.509579467405712,3.1326713809401676,115822.0
122,11557,3.5034272658035035,1.624381188118812,127583.0
123,11568,4.907040536421823,3.40393343419062,214250.0
124,11575,10.6793843993212,4.137529137529137,90577.0
125,11004,6.05782144624302,2.7022817537574952,95436.0
126,11005,13.473564525298464,0.0,55313.0
127,11023,6.718346253229974,2.880902880902881,130061.0
128,11965,0.0,0.0,123635.0
129,11934,3.5259418152567368,1.8950192855944994,106892.0
130,11211,25.219949920593937,3.3670117770478702,81228.0
131,11372,12.787859322306087,3.282818715665846,60659.0
132,11980,5.575117370892019,2.4273776362912853,98702.0
133,11596,2.019909152411327,1.931613677264547,137500.0
134,11217,13.257842684615945,3.9310916207182247,119375.0
135,11516,4.2599375932709265,2.8977378949336323,109053.0
136,11779,6.893443274915819,3.1306306306306304,98450.0
137,11790,5.9405940594059405,2.770764119601329,130607.0
138,11803,3.205376306252419,2.119706231584502,147469.0
139,11940,3.7124658780709736,2.2207707380796866,104583.0
140,11948,12.816901408450704,4.512635379061372,-666666666.0
141,11951,14.192156560597887,3.031153522312658,74100.0
142,11740,2.9150299772586314,1.5388662370117059,124527.0
143,11206,34.91865257325809,5.265708530841574,39753.0
144,11363,6.962921030285877,2.303523035230352,101019.0
145,11501,4.7183314589510275,2.075335892514395,101339.0
146,11514,7.008947592671495,4.185692541856925,82344.0
147,11735,5.324855351976857,2.3252481100641322,109858.0
148,11792,4.2382736787698665,2.0299812617114306,145341.0
149,11968,8.047690014903129,2.316980311106277,106271.0
150,13364,0.0,0.0,42500.0
151,13404,20.66115702479339,0.0,38333.0
152,13410,4.810996563573884,4.641350210970464,56154.0
153,13415,27.397260273972602,0.0,57083.0
154,13435,2.312138728323699,7.35930735930736,69896.0
155,13441,0.0,0.0,48313.0
156,13472,0.0,0.0,57153.0
157,13484,0.0,0.0,101203.0
158,13488,1.1627906976744187,3.968253968253968,51250.0
159,13494,7.317073170731707,0.7518796992481203,54583.0
160,13623,22.22222222222222,0.0,-666666666.0
161,13628,25.90909090909091,4.733727810650888,70833.0
162,13636,28.270042194092827,1.8518518518518516,48500.0
163,13641,0.0,0.0,-666666666.0
164,13643,100.0,0.0,-666666666.0
165,13647,14.545454545454545,0.0,95625.0
166,13651,0.0,0.0,140208.0
167,13666,19.672131147540984,2.0,47500.0
168,13167,19.122980547312892,4.5952782462057336,54727.0
169,13312,8.184143222506394,4.986149584487535,62083.0
170,13317,14.791666666666666,4.735467015022861,55486.0
171,13323,11.190321883776194,1.87207488299532,70317.0
172,13436,4.054054054054054,7.042253521126761,40000.0
173,13454,5.337519623233909,5.156537753222836,42885.0
174,13459,14.62171697373579,2.7039848197343455,56639.0
175,13478,9.49983215844243,3.585817888799355,61713.0
176,13483,13.701923076923078,0.0,79167.0
177,14304,9.66440175214707,2.1626856036152353,56276.0
178,14454,32.567795510574804,0.9785509538400713,46648.0
179,14466,5.83756345177665,2.7758501040943786,71250.0
180,14469,8.958755916159568,3.1348580441640377,59248.0
181,14472,8.053382420616659,1.3256484149855907,97854.0
182,14504,7.839912280701753,4.56989247311828,54211.0
183,14507,16.40625,2.857142857142857,66538.0
184,14514,8.999700509134472,4.577077993409008,67863.0
185,14532,4.789856773890585,1.734968591085851,63490.0
186,14533,4.669084315503174,2.4263431542461005,56042.0
187,14555,14.54183266932271,3.8588754134509373,46500.0
188,14769,16.590284142988086,7.749469214437367,50658.0
189,14731,11.280214861235452,1.0101010101010102,63641.0
190,14740,7.527975584944049,0.4056795131845842,58409.0
191,14743,17.85513756316676,5.140845070422535,39836.0
192,14760,17.655828889271174,3.8213468340384216,45300.0
193,14779,25.80545229244114,3.499491353001017,34912.0
194,14804,8.77808988764045,2.710027100271003,63500.0
195,14806,22.725129655822727,2.4125452352231602,52742.0
196,14807,13.254172015404365,2.9182079736950266,55952.0
197,14819,24.612736660929432,6.13107822410148,42222.0
198,14105,12.240846934274371,1.929969671905156,59421.0
199,14203,30.205278592375368,2.3255813953488373,43173.0
200,14204,38.853655618044755,4.706403068751844,22500.0
201,14221,6.079251784395766,1.435759812143576,83824.0
202,14225,9.864275327193408,2.9933400897640077,51378.0
203,14062,11.830430496220835,4.490902051877662,53641.0
204,14092,6.185954686471749,1.8633540372670807,63718.0
205,14098,14.972571797353984,2.8377806014400675,53783.0
206,14108,8.429602888086643,3.51288056206089,56862.0
207,14136,9.792157703021214,3.571428571428571,55536.0
208,14143,3.64741641337386,4.540295119182747,68897.0
209,14094,11.674150096215524,3.4579069652479117,58495.0
210,14103,14.264948153890881,3.2515621383938904,50244.0
211,14131,5.425726478358057,2.988138686131387,73443.0
212,14034,5.649038461538462,1.178382771231207,52955.0
213,14042,14.086538461538462,4.767580452920143,53074.0
214,14047,6.504809894640403,0.9906340057636888,74031.0
215,14048,23.521514873171764,3.74725088817459,37238.0
216,14052,5.336212214682295,2.457520011234377,85409.0
217,14055,3.4769463340891913,2.5416301489921125,68090.0
218,14059,3.1341921087331372,1.4132553606237817,73940.0
219,14837,14.776511831726555,2.0232458028411537,56771.0
220,14838,9.731720147290899,3.1815346225826575,56250.0
221,14855,9.903121636167922,1.8156424581005588,51250.0
222,14618,6.714554995160222,2.5006722237160526,100809.0
223,14217,8.432940762875726,1.3649240278135462,58096.0
224,14716,22.123401889938854,1.9421665947345708,37686.0
225,14005,10.529217199558985,3.046716316858497,68750.0
226,14031,4.19648985194627,3.2487191429902187,85930.0
227,14039,13.333333333333334,0.0,59250.0
228,14054,4.861111111111112,2.122448979591837,67273.0
229,14058,9.004024144869216,3.89278876834716,63672.0
230,14070,16.66994299194024,2.4050422955714046,45737.0
231,14082,0.0,0.0,54625.0
232,14085,1.9643354694901087,1.5686274509803921,92611.0
233,14026,17.890772128060263,1.338432122370937,82885.0
234,14111,8.413954851949574,3.884572697003329,60000.0
235,14216,17.135147290308073,2.0443832424130077,59346.0
236,14728,14.572864321608039,1.4687882496940026,54250.0
237,14777,26.207906295754025,4.0,46406.0
238,14846,11.082138200782268,2.2328548644338118,50789.0
239,14895,16.591928251121075,2.3605706874189365,47120.0
240,14006,14.982250991856338,4.088799698984071,55189.0
241,14615,21.853796684170156,5.218180443167208,42110.0
242,14220,12.408661557654607,3.108864612207185,58671.0
243,14228,19.396212436912535,2.0706655710764172,56585.0
244,14411,14.517133956386294,2.827004219409283,47278.0
245,14420,16.015711440584198,3.466880955114223,55010.0
246,14423,6.560283687943262,1.370223978919631,55018.0
247,14424,8.432761848819707,2.11808650621843,66066.0
248,14437,14.854878440612618,3.4704904405652535,54103.0
249,14441,9.717868338557993,0.8888888888888888,52188.0
250,14478,0.0,1.36986301369863,91821.0
251,14604,29.494262643433917,1.4782608695652173,30542.0
252,14610,9.420128860253277,1.1530912659470067,66942.0
253,14611,37.352189672588985,7.507149666348904,26726.0
254,14718,11.617565314063368,0.4459308807134894,58681.0
255,14719,14.786894752102059,3.3022254127781765,50690.0
256,14737,18.41130152848541,3.739130434782609,45396.0
257,14748,25.40453074433657,2.1359223300970873,26467.0
258,14757,12.796525225526228,2.6248632883703973,47773.0
259,14802,29.65986394557823,0.9123649459783914,37955.0
260,14817,5.873436907919666,2.6576341844710787,64056.0
261,14821,15.290697674418604,3.3379215416379906,55950.0
262,14825,3.9334341906202726,4.326123128119801,71544.0
263,14845,7.087299150547538,2.1219348131841254,66643.0
264,14880,18.14268142681427,4.267844002943341,47417.0
265,14883,10.107066381156317,4.025938935422858,55023.0
266,14891,17.698695136417555,4.961061436400346,49417.0
267,13489,7.29483282674772,4.725897920604915,55982.0
268,13608,21.215959468017733,5.355648535564853,49000.0
269,13617,11.58615344872126,4.049277996566697,64569.0
270,13640,8.305647840531561,0.0,48750.0
271,13655,9.857101195683873,13.988095238095239,41571.0
272,13658,13.28609388839681,4.994450610432852,63458.0
273,13664,21.568627450980394,5.39568345323741,67321.0
274,13672,25.303030303030305,1.2448132780082988,66458.0
275,13732,3.0644954481343762,1.4763014763014763,85625.0
276,13754,17.26457399103139,2.6438569206842923,38832.0
277,13774,16.883116883116884,16.535433070866144,34844.0
278,13795,17.305663032008443,3.1237155774763665,52944.0
279,13830,13.102620524104822,3.446636558117423,50139.0
280,13833,14.32403433476395,3.5906040268456376,50781.0
281,13834,6.228373702422145,0.0,72917.0
282,13843,14.573877962682804,0.6006006006006006,52621.0
283,13324,12.809564474807855,5.066666666666666,54700.0
284,13333,29.411764705882355,8.823529411764707,-666666666.0
285,13348,11.76470588235294,6.208053691275168,61042.0
286,13361,7.544757033248081,0.9419152276295133,64063.0
287,13365,15.571480626746023,3.530838005758448,54268.0
288,13367,15.277452587216109,1.2945914844649022,56337.0
289,13421,13.346153846153847,3.034038115103821,53802.0
290,13424,8.573008849557521,0.8759124087591241,58902.0
291,13425,10.892388451443571,2.7868852459016393,57981.0
292,13428,27.490297542043983,1.9198664440734556,32500.0
293,13438,13.763376932223542,2.4232081911262795,59167.0
294,13469,1.9451812555260832,1.7224880382775118,85714.0
295,13471,17.485505035093073,2.126821583300512,54528.0
296,13477,1.2219959266802443,0.5966587112171837,56094.0
297,13480,9.50337216431637,1.9607843137254901,52204.0
298,13492,6.984041599426215,2.6439544362002296,67391.0
299,12203,14.450079479221861,3.096654275092937,61519.0
300,12204,20.896243507670007,6.214264219079146,57953.0
301,12206,33.35369578497251,10.675077830575127,36396.0
302,12010,19.989852866565194,3.9565657009715567,49036.0
303,12018,3.127594796567949,1.1565401531194004,96667.0
304,12032,6.191588785046729,0.0,48971.0
305,12041,1.4842300556586272,0.0,94432.0
306,12046,1.8518518518518516,1.3237063778580023,87240.0
307,12068,10.565801813066583,2.134707397865293,65286.0
308,12071,19.36416184971098,5.9259259259259265,53875.0
309,12072,27.40465744178198,4.868244752121482,58750.0
310,12074,5.548260013131976,1.1363636363636365,81008.0
311,12095,9.841352859135286,2.532948929159802,54898.0
312,12138,14.03180542563143,2.7016742770167426,62500.0
313,12009,4.926984126984127,3.1792351405314085,90524.0
314,12025,7.951356407857811,3.69244135534318,63378.0
315,12047,13.298132394641634,3.972974533695213,58199.0
316,12052,12.782440284054228,3.61260568793236,77679.0
317,12058,16.571018651362984,5.99429115128449,70030.0
318,12063,9.732824427480915,0.0,-666666666.0
319,12064,5.571847507331378,1.5974440894568689,57500.0
320,12076,9.600614439324117,3.620689655172414,56765.0
321,12120,10.834553440702782,1.6339869281045754,64188.0
322,12125,10.238907849829351,2.7844073190135243,66328.0
323,12150,2.074235807860262,0.0,69766.0
324,12188,5.249297752808989,3.450111809179001,70328.0
325,12192,5.251759610178668,1.6326530612244898,72411.0
326,12207,46.606118546845124,3.858695652173913,18582.0
327,11754,3.4673281840221004,3.1801881047432166,101710.0
328,11795,4.580152671755725,2.8802525152890115,125691.0
329,11957,7.18562874251497,0.5194805194805194,70000.0
330,11201,12.351476461839269,4.192255841821449,129248.0
331,11231,14.710008735473965,5.266591135372678,99643.0
332,11417,13.36681166837257,4.079692636748921,76868.0
333,11109,2.8093645484949836,2.8177113283496262,160625.0
334,11351,,,-666666666.0
335,11359,,,-666666666.0
336,11424,,,-666666666.0
337,11425,,,-666666666.0
338,11451,,,-666666666.0
339,11549,,4.138423118087763,-666666666.0
340,11556,,,-666666666.0
341,11739,1.3100436681222707,4.978662873399715,153958.0
342,11749,3.870771106370009,1.7155110793423873,93555.0
343,11794,,4.927248677248677,-666666666.0
344,11931,0.0,0.0,-666666666.0
345,11973,,30.0,-666666666.0
346,11955,2.454642475987193,2.8846153846153846,65724.0
347,11958,0.0,1.2605042016806722,92179.0
348,11970,39.15094339622642,15.566037735849056,-666666666.0
349,11972,10.857664233576642,1.8181818181818181,89531.0
350,11976,9.35080405002978,3.187803187803188,144167.0
351,11010,3.3727979169209483,2.071665758041334,111135.0
352,11020,2.060962937305161,2.5849177526169624,158295.0
353,11203,14.55258984490498,3.5480904206399146,54457.0
354,12149,16.039685820587017,5.512622359608449,57500.0
355,12159,3.6183363378830804,0.17796233130654013,89009.0
356,12170,7.805566760790642,3.016627078384798,87530.0
357,12193,11.69811320754717,4.27710843373494,63750.0
358,12197,10.235798499464094,2.6054590570719602,48704.0
359,12741,5.14018691588785,0.0,47250.0
360,12583,14.456762749445677,3.6004056795131847,92563.0
361,12549,5.024939959357103,2.028169014084507,92870.0
362,12578,12.009456264775414,4.023605150214593,105909.0
363,12582,7.750170959653521,0.399444251476207,109144.0
364,12589,19.603088507434112,1.459703947368421,83133.0
365,12594,16.874422899353647,4.032483898067768,72118.0
366,12701,21.855688840421664,7.4575909527365845,40947.0
367,12719,5.414847161572053,3.6511156186612577,72946.0
368,12725,18.91891891891892,0.0,80625.0
369,12736,21.73913043478261,0.0,-666666666.0
370,12746,2.0277481323372464,1.7772511848341233,71154.0
371,12747,11.264822134387352,7.013149655604257,49250.0
372,12923,9.025270758122744,2.0964360587002098,57132.0
373,12930,16.780354706684857,6.794425087108014,66042.0
374,12546,7.209705372616984,0.1266357112705783,66208.0
375,12886,5.737704918032787,0.0,59286.0
376,12887,11.550666384599111,2.8187565858798735,60085.0
377,12918,2.669683257918552,1.7513134851138354,63806.0
378,12920,17.09251101321586,2.521459227467811,57660.0
379,12837,8.252853380158033,1.0600706713780919,63508.0
380,12878,5.128205128205128,5.805243445692884,56250.0
381,12911,,,-666666666.0
382,12943,13.128491620111731,2.9850746268656714,32375.0
383,12944,12.516680010675207,3.4796238244514104,54608.0
384,12986,9.98383910935536,2.8129395218002813,56650.0
385,12989,10.050251256281408,0.3508771929824561,64250.0
386,12934,17.9718875502008,0.37453183520599254,42019.0
387,12993,13.684210526315791,2.551440329218107,51581.0
388,12962,8.268241569822823,2.1552672091488896,68630.0
389,12964,2.027027027027027,11.009174311926607,100625.0
390,12965,10.441767068273093,6.111111111111111,53269.0
391,12996,10.471204188481675,4.194260485651214,57118.0
392,12759,29.010989010989015,6.7752442996742674,27813.0
393,12762,12.477064220183486,11.713665943600867,55083.0
394,12766,2.4725274725274726,13.427561837455832,60911.0
395,12779,22.487046632124354,3.889585947302384,31672.0
396,12787,0.0,8.108108108108109,85625.0
397,12803,9.321526863707073,2.8889557628648808,59690.0
398,12804,7.238730700597408,1.8025790047221213,74036.0
399,14858,7.796340493237867,4.352030947775629,50577.0
400,14860,6.395348837209303,2.3506366307541624,57644.0
401,14864,6.265664160401002,2.5365853658536586,75331.0
402,14869,10.007942811755361,1.212686567164179,60721.0
403,14874,5.531914893617021,2.28310502283105,41667.0
404,14877,15.65217391304348,3.4574468085106385,47292.0
405,14884,18.954248366013072,2.575107296137339,57250.0
406,14207,37.84317937701396,2.495677233429395,29250.0
407,14211,35.69581884639387,7.311446317657498,26739.0
408,14418,12.0,1.5739769150052465,42181.0
409,14435,9.340064911648033,2.4479804161566707,70700.0
410,14468,6.137850075465369,2.256649688737974,75993.0
411,14489,16.726084373143195,7.1228820529692385,53539.0
412,14525,4.373423044575273,5.437469105289174,71595.0
413,12307,30.337078651685395,10.276981852913085,27145.0
414,12405,5.055292259083728,0.0,52813.0
415,12411,2.9940119760479043,8.450704225352112,80278.0
416,12015,7.336417713152676,2.4,63068.0
417,12020,7.100931864940094,2.7777777777777777,82933.0
418,12031,21.025641025641026,0.0,33889.0
419,12036,21.694915254237287,2.072538860103627,57045.0
420,12051,7.570043103448276,0.9925558312655087,58704.0
421,12053,5.146896399381489,6.504282655246254,93571.0
422,12054,5.035240711981842,2.043586995355484,103384.0
423,12056,13.943661971830986,4.411764705882353,85284.0
424,12057,8.032955715756952,3.540372670807453,63158.0
425,12070,5.8929645219482865,1.875,53203.0
426,12075,8.366824990865911,1.444184231069477,72419.0
427,12087,2.9756537421100093,1.4598540145985401,60057.0
428,12118,8.445421624418003,2.5401389887371195,76431.0
429,12121,3.466386554621849,7.287933094384708,103707.0
430,12140,3.1360946745562135,0.0,96364.0
431,12143,9.686307757524375,0.8790072388831437,63685.0
432,12154,5.377456049638056,0.9080142123963679,75578.0
433,12155,18.12175554506843,2.525832376578645,58295.0
434,12157,7.887453874538745,1.726577979054628,70988.0
435,12167,17.225253312548713,3.617463617463618,45966.0
436,12751,35.24305555555556,3.3647375504710633,43105.0
437,12764,17.454545454545457,6.765327695560254,50417.0
438,12777,6.181455633100698,3.229398663697105,93438.0
439,12784,0.0,0.0,-666666666.0
440,12788,8.54075158613958,1.7649267743146828,71359.0
441,12789,9.068982151471298,3.729903536977492,49868.0
442,12847,16.574585635359114,0.8849557522123894,70000.0
443,12791,3.824091778202677,6.698564593301436,81290.0
444,12817,9.763779527559056,1.7375674056321149,67222.0
445,12839,15.822433610780816,4.645639369181075,53199.0
446,12851,8.121827411167512,1.7857142857142856,50000.0
447,12856,0.0,0.0,50464.0
448,12871,4.761904761904762,1.2331517063378263,68487.0
449,12919,21.676203298552675,3.5315154224407688,53512.0
450,12921,15.272591486183721,2.493200362647326,78611.0
451,12922,0.0,10.344827586206897,-666666666.0
452,12956,11.7820324005891,3.9539899352983463,59052.0
453,12961,29.545454545454547,0.0,-666666666.0
454,12969,18.052256532066508,2.5210084033613445,42778.0
455,12970,8.143322475570033,4.682274247491638,75833.0
456,12980,21.320182094081943,6.220984215413185,54663.0
457,12912,7.535179300953246,2.8823529411764706,55455.0
458,14892,17.64931576927996,4.087848669445335,42361.0
459,14894,16.518218623481783,1.4198782961460445,49464.0
460,14897,13.71280724450194,1.0434782608695654,43897.0
461,14903,9.827199577892099,3.4271340984122,60373.0
462,14904,17.8060413354531,2.8160775465864463,47979.0
463,14816,0.9487666034155597,0.0,64667.0
464,14727,13.560278352454391,3.8090867370353374,51139.0
465,14747,16.152125279642057,1.9721577726218096,51969.0
466,14750,6.6819221967963385,2.0457604306864066,58885.0
467,14480,15.049226441631506,2.2761760242792106,48939.0
468,14487,3.2152230971128613,1.328502415458937,75438.0
469,14506,1.30568356374808,1.480836236933798,111800.0
470,14536,17.708333333333336,3.571428571428571,52857.0
471,14543,2.188827180659915,0.78125,95000.0
472,11208,25.681265810227664,3.1664482306684145,42403.0
473,11210,11.760769422310757,3.924113829256116,69385.0
474,11212,34.409586643328396,8.299013897320624,26521.0
475,11221,21.34242771775216,4.926750807842228,56900.0
476,11239,24.835009428032684,2.7390813253012047,29172.0
477,11361,8.070240986362787,2.203749404684591,87892.0
478,11364,7.391509042067075,2.81186265003845,82028.0
479,11413,6.767409707230698,3.5301763611119314,93432.0
480,11429,8.033088235294118,8.324300888792543,88300.0
481,11434,9.455199643380245,3.673565196979774,64087.0
482,11436,11.244621681183755,5.753478091275517,75222.0
483,11953,8.312794084696392,3.2226122963363037,85103.0
484,11961,7.777691531475588,2.18444383511562,70244.0
485,11978,7.582631237848347,1.3750954927425516,103990.0
486,11572,5.5175983436853,3.30116159890673,118480.0
487,11520,9.342689188875205,2.589500495259658,82200.0
488,11550,18.276366584991806,3.0083821334251923,64155.0
489,11561,6.169707879878897,2.88417237460454,99240.0
490,11692,25.596407521751335,6.513706793802146,46819.0
491,11096,15.117393387637756,5.417185554171856,60675.0
492,11102,16.083488885117937,2.9922109971466027,71382.0
493,11104,10.137347281002954,3.4928670041417393,67751.0
494,11207,28.497380571834483,5.06562982572248,39382.0
495,11213,22.685717745353273,5.170032476016275,44831.0
496,11216,16.977491961414792,4.071477497078851,67795.0
497,11225,17.2462439162023,4.476617019060514,59820.0
498,11232,20.15359841446798,3.9437665290214823,61200.0
499,11238,11.89042800417208,3.811716011319002,91846.0
500,11358,9.265552206083859,2.613765182186235,68848.0
501,11365,12.235388992182076,5.576985765511246,67642.0
502,11547,9.104258443465492,3.5897435897435894,80833.0
503,11554,4.376807602258642,2.4647999744580313,106409.0
504,13605,10.882587859424921,4.745023179710936,54709.0
505,13325,6.232294617563739,8.823529411764707,48173.0
506,13337,12.235649546827794,6.884681583476763,-666666666.0
507,13409,6.852687730816578,3.0379746835443036,53715.0
508,13437,11.780104712041885,4.2682926829268295,52292.0
509,13450,11.428571428571429,0.0,51471.0
510,13461,6.866666666666667,2.26628895184136,65083.0
511,13473,14.824447334200261,1.2455516014234875,62750.0
512,13033,8.761651131824234,1.954836535220762,64886.0
513,13052,21.73913043478261,1.5437392795883362,51250.0
514,13063,3.257497414684592,0.6169031462060457,81845.0
515,13090,7.205724267669981,2.6026193564584292,75495.0
516,13122,3.7126715092816784,6.806282722513089,76477.0
517,13132,9.488844959051116,2.5874125874125875,75503.0
518,13143,10.66616766467066,2.611585944919278,56793.0
519,13209,12.296764009471191,2.9594272076372317,55027.0
520,13211,14.371669245315456,1.9251568245727884,54506.0
521,13319,0.0,4.135338345864661,44330.0
522,13320,11.209439528023598,3.343465045592705,60757.0
523,13340,12.18060034730836,4.392922513727883,64417.0
524,13353,0.0,0.0,31563.0
525,14530,11.7061973986228,3.7657864523536166,52600.0
526,14550,16.9811320754717,4.8264182895850976,45208.0
527,14605,44.7594050743657,9.178522257916475,22593.0
528,14613,29.39551404328093,5.2886371940080386,34468.0
529,14625,4.821058858325939,1.7935157507472983,86505.0
530,14712,6.734559789750329,2.397798742138365,66250.0
531,14714,11.892797319932999,4.05982905982906,62083.0
532,14733,16.855172413793102,2.1524347212420607,45245.0
533,14738,8.3710407239819,5.75591985428051,49239.0
534,14744,13.822393822393822,2.614015572858732,61458.0
535,14772,16.289023162134946,2.347107438016529,49779.0
536,14784,12.045690550363448,2.603550295857988,68125.0
537,14809,14.1280353200883,5.1705756929637525,50841.0
538,14822,10.363836824696802,5.189873417721519,51250.0
539,14040,6.485355648535565,3.1586021505376345,66105.0
540,14066,9.083665338645417,5.429417571569595,55962.0
541,14213,37.83545197740113,2.8711484593837535,36471.0
542,14167,5.922551252847381,6.129722024233785,65781.0
543,14171,8.638743455497382,1.744186046511628,58667.0
544,14208,31.42434488588335,5.286241920590951,29292.0
545,14212,43.70461190229181,7.6720241084881975,23882.0
546,14214,29.444201790784014,2.8206686930091185,47122.0
547,14223,6.94086240441609,2.2008935958960785,68042.0
548,14227,7.575040242401288,1.3905043882838108,56671.0
549,14303,40.42630057803468,2.9995276334435523,26080.0
550,14305,28.651787334422064,4.256457282592083,36023.0
551,14416,9.01029748283753,1.7947849644429394,63594.0
552,14428,7.0338512763595995,3.416097317113814,74042.0
553,14462,2.443609022556391,8.018867924528301,75313.0
554,14467,11.87363834422658,2.1739130434782608,68354.0
555,14475,6.138107416879795,2.797202797202797,74821.0
556,14477,14.032600992204111,6.081668114682884,65179.0
557,14505,12.602627257799673,2.4288518155053973,63914.0
558,14519,4.351907159313935,1.5161153519932147,72312.0
559,14551,22.892283277127554,4.0527803958529685,49004.0
560,14561,9.466666666666667,0.973338975878121,71705.0
561,14589,9.44,2.160746439679162,61152.0
562,14591,12.776723592662872,2.0914020139426803,60469.0
563,14608,45.1320491588948,8.827884724911721,23574.0
564,14621,39.922239502332815,9.24919279028896,27675.0
565,14623,20.569950763415726,3.017986855759253,51800.0
566,14624,6.908317950439112,3.5434490444815947,71959.0
567,14626,7.923824743640965,2.6245603185033435,67749.0
568,14721,30.0,3.076923076923077,47813.0
569,14723,11.941659070191431,3.233256351039261,64375.0
570,14548,15.940881499076273,2.9962546816479403,61858.0
571,14568,4.813863928112965,2.914389799635701,86827.0
572,14571,22.35469448584203,1.4629948364888123,56172.0
573,14607,20.447103274559193,3.5089982584015993,46887.0
574,14620,22.13397129186603,4.019798316217966,45885.0
575,14715,17.724770642201833,3.757632691404415,42802.0
576,14735,22.868741542625166,1.6136468418626098,40800.0
577,14741,12.108337758895379,2.2561380225613803,63636.0
578,14754,15.421303656597773,4.406130268199234,45729.0
579,14783,21.52317880794702,3.7383177570093453,34167.0
580,14808,3.9538714991762767,0.0,53625.0
581,14755,11.46965976850228,3.2747603833865817,50513.0
582,14787,13.070900391474554,4.591068740592072,49383.0
583,14801,17.03015361274417,5.218216318785579,54167.0
584,14824,6.710310965630114,1.2433392539964476,42457.0
585,14839,25.874999999999996,1.8900343642611683,55481.0
586,14840,5.613225682429835,2.292387543252595,57623.0
587,14843,19.177205058428047,3.9848749272833044,45981.0
588,14847,11.56093489148581,1.0763710917478215,53365.0
589,14867,13.058055408505382,3.820704375667022,55391.0
590,14871,8.504528385244091,3.0721600381043106,74570.0
591,14882,13.338338338338337,0.47732696897374705,82188.0
592,14901,31.184780863702038,4.691731718974032,32500.0
593,14905,12.293600096420393,3.728517331779784,60234.0
594,14781,10.052656773575874,2.405922270203578,46875.0
595,14815,10.012062726176115,2.046384720327422,52788.0
596,14879,14.278557114228457,1.5225334957369063,51411.0
597,14145,4.257703081232493,2.440633245382586,68917.0
598,14450,6.352087114337568,1.8242024657777252,88255.0
599,14580,4.588054541962743,1.3292981026655804,82999.0
600,14878,16.22464898595944,1.717557251908397,79643.0
601,14051,3.8859462402851346,1.2948020266466505,110733.0
602,14035,0.0,0.0,76053.0
603,14041,38.88888888888889,11.71875,-666666666.0
604,14061,17.599999999999998,3.8596491228070176,44028.0
605,14109,,0.0,-666666666.0
606,14112,0.0,0.0,-666666666.0
607,14126,8.552631578947368,11.287128712871288,68802.0
608,14130,10.0,0.0,55208.0
609,14135,22.04724409448819,8.264462809917356,-666666666.0
610,14168,80.0,0.0,-666666666.0
611,14169,8.695652173913043,0.0,31853.0
612,14173,0.0,0.0,-666666666.0
613,14261,50.0,1.7537706068046297,-666666666.0
614,14302,66.66666666666666,0.0,11875.0
615,13354,4.231274638633377,0.5165289256198348,82906.0
616,13403,5.817474048442907,1.7185322805387833,93229.0
617,13406,11.511789181692095,2.684563758389262,49375.0
618,13416,8.58839652809502,3.665207877461707,55588.0
619,13439,13.623354321694334,3.136593591905565,52446.0
620,13027,7.330512344363603,2.4164942358853088,77565.0
621,13030,14.86680034374105,1.142263759086189,69125.0
622,13031,5.8965263369252385,1.9430265107854439,78819.0
623,13045,20.238984316654218,3.3653846153846154,53592.0
624,13062,41.46341463414634,0.0,-666666666.0
625,13076,14.100959532749268,3.7783375314861463,59917.0
626,13092,17.32824427480916,3.0545112781954886,68000.0
627,13104,3.2193536288054014,1.0993388034732734,103096.0
628,13124,4.819277108433735,0.0,60833.0
629,13144,24.20867526377491,7.293354943273905,45192.0
630,13147,8.333333333333332,1.8478260869565217,59643.0
631,13152,2.704056084126189,2.259970457902511,92875.0
632,13158,15.153452685421994,2.679938744257274,57448.0
633,13159,6.76061702532851,2.293986636971047,74280.0
634,13165,12.733598409542743,2.1420118343195265,56271.0
635,13203,30.30533866565099,4.381384790011351,38018.0
636,13215,3.1324603921001235,1.9611034258279763,92575.0
637,13301,0.0,0.0,112604.0
638,13310,8.193668528864059,0.0,48750.0
639,13316,12.297139032959679,2.0606531881804044,51537.0
640,13318,5.497564370215727,1.8318068276436303,70893.0
641,13331,5.263157894736842,0.0,85192.0
642,13332,11.506352087114339,1.0248901903367496,53281.0
643,13335,12.558869701726843,1.2715712988192553,55625.0
644,13343,4.844497607655502,1.721664275466284,58200.0
645,13350,14.2172871761376,2.6689774696707103,50961.0
646,13360,2.2556390977443606,0.0,48125.0
647,13491,16.55997773448372,1.8376211159371867,54554.0
648,13475,0.0,0.0,-666666666.0
649,13486,11.534276387377584,3.515625,60288.0
650,13490,7.01654306902453,0.975975975975976,75455.0
651,13495,10.32064128256513,2.2770398481973433,53583.0
652,13613,15.251107828655835,0.8793356130923302,51927.0
653,12941,4.26731078904992,2.5423728813559325,79309.0
654,12115,0.0,0.0,-666666666.0
655,12187,14.401622718052739,0.0,58214.0
656,12309,3.390229151266716,3.562309012516221,108019.0
657,12515,1.5829318651066757,2.1423106350420813,97039.0
658,12726,12.111292962356792,2.5,51250.0
659,12033,3.282247765006386,3.3618490169593276,77232.0
660,12019,2.257617728531856,2.332238780836912,106866.0
661,12022,5.115511551155116,1.06951871657754,50000.0
662,12043,15.417029933158965,3.285244965004999,55198.0
663,12060,9.759547383309759,3.43213728549142,83155.0
664,12065,4.864686934236205,1.6597272074659009,93840.0
665,12083,6.198236708522575,0.9884678747940692,78972.0
666,12116,20.211515863689776,3.4746351633078527,49241.0
667,12809,14.870317002881844,3.2802547770700636,55410.0
668,12831,3.3584355641928827,1.6173353222893931,87513.0
669,12833,5.63618771165941,3.839541547277937,83080.0
670,12958,2.0202020202020203,3.92512077294686,54965.0
671,12017,0.7444168734491315,0.8333333333333334,68393.0
672,12023,4.399633363886343,2.7522935779816518,74583.0
673,12029,6.744868035190615,1.6597510373443984,96932.0
674,12042,8.444444444444445,0.0,78333.0
675,12045,0.0,0.0,51750.0
676,12066,4.867529266789895,1.7692852087756548,68424.0
677,12077,7.159869008633522,0.43494019572308806,109052.0
678,12078,21.114651071444158,3.790585676557402,44155.0
679,12084,3.769309989701339,1.4795918367346939,79239.0
680,12086,9.29112181693049,2.888888888888889,62500.0
681,14732,1.948051948051948,0.0,39063.0
682,14742,8.91089108910891,5.7507987220447285,-666666666.0
683,14752,21.73913043478261,0.0,-666666666.0
684,14756,35.714285714285715,0.0,-666666666.0
685,14774,10.909090909090908,14.285714285714285,68750.0
686,14778,,1.9202363367799113,-666666666.0
687,14788,23.076923076923077,0.0,-666666666.0
688,14827,0.0,0.0,65263.0
689,14853,,3.0120481927710845,-666666666.0
690,14854,0.0,0.0,-666666666.0
691,14856,16.48936170212766,18.902439024390244,15605.0
692,14893,,,-666666666.0
693,14032,1.1128250330542089,1.6112494507104145,123021.0
694,14134,9.90990990990991,4.301075268817205,88250.0
695,11576,2.9906239896540576,1.5209508460918615,182199.0
696,11580,4.758122912335614,3.7343811839203935,110575.0
697,11598,4.506329113924051,1.9560149994932603,145139.0
698,11706,8.836873582181894,4.121877510424238,91204.0
699,11757,6.211418880723572,3.1417583012837875,96369.0
700,11764,2.261500463105897,2.8080968446120265,131332.0
701,11770,12.5,4.166666666666666,-666666666.0
702,11788,4.04694210876535,2.110071785947357,116468.0
703,11791,3.3882678345050135,1.75029750099167,174675.0
704,11796,6.721185790953232,3.392857142857143,114408.0
705,11942,9.568627450980392,1.4264990328820115,92250.0
706,11947,2.880658436213992,0.0,-666666666.0
707,11003,5.675565978172634,3.8184806920154144,104349.0
708,11021,5.045414266725742,2.196104768300873,102596.0
709,12108,5.154639175257731,2.956989247311828,73750.0
710,12117,6.907682375726274,1.7428350116189002,56417.0
711,12122,12.376832492189378,2.338863203698667,50679.0
712,12123,5.932676213501953,1.9045485099708714,92946.0
713,12148,2.7390900649953576,1.878855860908581,111476.0
714,12153,0.0,0.0,85833.0
715,12156,4.6021093000958775,6.495263870094722,135185.0
716,12158,9.791216702663787,1.9274179545059906,85043.0
717,12173,8.554277138569285,2.8255528255528257,69609.0
718,12720,0.0,0.0,65179.0
719,12752,6.666666666666667,12.980769230769232,40313.0
720,12763,14.215686274509803,4.862579281183932,33077.0
721,12768,1.9607843137254901,6.199460916442049,66250.0
722,12770,12.601626016260163,4.564315352697095,46250.0
723,12808,4.4609665427509295,1.1904761904761905,66023.0
724,12810,11.475409836065573,0.3616636528028933,59674.0
725,12814,3.115264797507788,3.8232795242141036,51172.0
726,12819,7.806691449814126,4.054054054054054,70833.0
727,12824,3.667953667953668,6.025369978858351,96458.0
728,12836,9.930313588850174,1.3592233009708738,66607.0
729,12843,6.581352833638025,2.1929824561403506,36429.0
730,12844,13.247863247863249,0.0,83750.0
731,12849,2.0202020202020203,0.0,-666666666.0
732,12857,6.006006006006006,0.539568345323741,62961.0
733,12859,12.074894917844862,1.8210197710718004,100000.0
734,12861,19.070512820512818,3.5856573705179287,66250.0
735,12873,4.750869061413673,0.6821282401091405,64375.0
736,12883,9.885690093141406,2.1360176773876747,48229.0
737,12901,17.976919692713796,2.575182686902754,50750.0
738,12910,20.297619047619047,1.9343493552168818,51696.0
739,12927,20.47244094488189,0.0,49167.0
740,12928,15.241448692152918,5.257009345794392,60682.0
741,12935,13.023855577047067,2.8368794326241136,56458.0
742,12936,9.382151029748284,0.0,58750.0
743,12959,28.61072902338377,0.0,41853.0
744,12974,9.74493132766514,4.354243542435424,53990.0
745,12979,18.63327674023769,1.4661274014155714,58692.0
746,12981,17.020355132091815,3.3316757831924413,58947.0
747,12992,15.296640457469621,0.5,63583.0
748,12194,7.051282051282051,4.672897196261682,42250.0
749,12303,10.483814338880697,3.277395609691977,67323.0
750,12404,12.32753449310138,3.3671252715423607,52011.0
751,12409,7.254623044096728,0.0,91453.0
752,12414,22.67080745341615,2.850005677302146,38498.0
753,12211,5.788271134805789,0.8240582191780822,103946.0
754,14859,8.841463414634147,4.896907216494846,57656.0
755,14174,3.716276576737538,2.154984762734001,80907.0
756,14113,6.593406593406594,0.0,51875.0
757,14139,6.063389986219568,2.0481927710843375,80842.0
758,14170,2.377717391304348,3.7824054398640032,77829.0
759,14218,21.979311080302868,3.398516520566419,39918.0
760,14414,7.875484148615694,0.8906741180579811,62768.0
761,14415,0.0,4.3478260869565215,-666666666.0
762,14456,15.024515526500117,2.820623118048301,52271.0
763,14471,2.778912954638333,1.6818837097549257,65265.0
764,14481,9.723040659988214,1.4234875444839856,65781.0
765,14485,7.377919320594479,0.6894484412470023,61716.0
766,14512,10.848842487517024,2.4730334122599316,56081.0
767,14527,9.906152241918665,2.9962183651701735,55422.0
768,11103,11.514560401281873,4.219810901706961,76234.0
769,11209,10.967675001111589,3.2138442521631645,77917.0
770,11214,16.29132152692362,3.3448827292110876,56911.0
771,11220,27.252573752054676,3.6669874879692013,50191.0
772,11230,19.920155952700576,3.0110587977663417,53070.0
773,11355,21.759167246348007,1.812657932021676,42507.0
774,11377,10.80562813106738,2.456988642752727,58948.0
775,11378,8.72033698751995,3.3928279024070735,77710.0
776,11411,4.054707133191571,3.847894975101856,98207.0
777,11416,14.111027756939235,4.631946739694981,73370.0
778,11423,9.195867935993519,5.900745610518721,71194.0
779,11570,4.520674949007973,2.3375300870209217,117107.0
780,11577,3.3942558746736298,2.391282413479972,149091.0
781,11590,7.183074560655179,2.8414251239068946,106959.0
782,11704,5.805974337389353,3.308778765371971,95912.0
783,11713,16.133204009052697,1.5223722531109347,84038.0
784,11719,12.800802139037435,3.029183598079054,68616.0
785,11724,3.6404639175257736,1.7739273927392738,250001.0
786,11741,5.227478156071106,2.8186274509803924,107220.0
787,11752,3.1938211042688653,2.40180135101326,106467.0
788,11755,4.461025559612637,2.225693088637251,116788.0
789,11780,2.782564298934201,2.903469079939668,125610.0
790,11797,2.046929605591613,1.6609543896651726,182569.0
791,11937,12.496114392290954,1.3433717153823443,97961.0
792,11949,8.049671292914535,1.492942453854506,96505.0
793,11040,3.1478629187524065,1.786753579327203,129344.0
794,11105,9.327701513551565,2.4220481288429725,79883.0
795,11106,12.633821571238348,3.675231999019938,68530.0
796,11229,13.64031382015691,3.3493821455721675,64631.0
797,11234,7.514673750053554,3.48078027157296,85807.0
798,11357,5.318250454277891,3.2583445408974203,85818.0
799,11367,14.53495607157968,3.4862328105023543,63546.0
800,11369,15.199243461814389,3.4053156146179404,54184.0
801,11415,10.127659574468085,2.30901342153807,70900.0
802,11418,15.034348432606008,2.95972669338414,68920.0
803,11421,10.369847337537436,4.028436018957346,73107.0
804,11432,14.829054871480418,4.501656992893128,62148.0
805,11715,1.6432953549517966,3.9448797622264253,122639.0
806,11716,5.876330876330877,1.9985104270109233,93317.0
807,11721,5.931933842239186,4.5046764649742315,141976.0
808,11731,2.9981549815498156,2.108736770091352,120619.0
809,11777,4.289636238846946,1.632543824434631,115184.0
810,11783,1.8835938971557733,2.6485490557346845,134229.0
811,11786,4.089336269267065,2.3380225876758467,133111.0
812,11787,3.519933406665279,1.7596657697210027,128250.0
813,13618,5.840821566110398,2.0044543429844097,54358.0
814,13621,17.270788912579956,10.263157894736842,63523.0
815,13622,14.681208053691275,4.302747537584241,65761.0
816,13634,15.459057071960297,2.588686481303931,64531.0
817,13650,22.065426555484287,6.209150326797386,57361.0
818,13694,9.06148867313916,2.608695652173913,49926.0
819,13733,11.120418848167539,2.3520084566596196,53516.0
820,13743,6.730498451140524,7.0446735395189,67120.0
821,13760,12.95537882756322,2.8534113171119504,57331.0
822,13775,13.558384061981185,2.5974025974025974,55550.0
823,13803,12.638790455941413,3.4177215189873418,62132.0
824,13804,16.30094043887147,2.711864406779661,55500.0
825,13809,16.786414108425866,0.9266409266409266,48155.0
826,13810,17.768595041322314,2.509293680297398,61042.0
827,14564,2.5802600159193423,1.5071145912267407,98963.0
828,14590,20.650095602294456,4.100652376514446,52365.0
829,14823,12.417218543046356,4.404233526800956,53490.0
830,14826,12.493599590373785,4.177215189873418,55500.0
831,14830,11.134660118893771,3.8039364118092354,58682.0
832,14033,1.471489883507051,1.7897091722595078,74881.0
833,14009,14.894784995425434,4.69248291571754,52369.0
834,14012,12.027491408934708,2.3745277927684834,62031.0
835,14028,4.573687182382835,2.5135869565217392,57188.0
836,14037,8.94308943089431,2.510460251046025,57467.0
837,14060,12.883435582822086,0.0,55000.0
838,14072,6.025364919837282,3.1850471643181555,80733.0
839,14120,7.9403503162894795,2.601957585644372,64319.0
840,14125,8.495145631067961,2.6964047936085223,56603.0
841,14150,10.27409067402172,1.839348079161816,55951.0
842,14172,5.00166722240747,3.5876288659793816,63788.0
843,14889,8.169934640522875,2.6424442609413705,61793.0
844,14898,22.44796828543112,4.672245467224546,49375.0
845,14476,6.577777777777778,2.2162162162162162,62863.0
846,14427,13.208528341133647,3.1148604802076574,56719.0
847,14432,9.696118039697875,1.7629566694987255,62970.0
848,14433,11.398212992030912,4.920169436298469,52270.0
849,14482,8.52411105698977,2.1014161717679305,67500.0
850,14510,16.313876416506307,3.135634419056879,50184.0
851,14516,10.203217612193056,3.890853966649823,61915.0
852,14526,3.879703823917233,2.3558235959291367,77771.0
853,14534,3.6353788313260686,2.0066348410065538,121947.0
854,14541,11.214539007092199,1.00418410041841,62560.0
855,14544,8.085977482088024,2.220812182741117,59141.0
856,14546,13.641200255373484,2.0110608345902463,70657.0
857,14612,10.242539531565807,2.009339182114051,63034.0
858,14614,48.45360824742268,2.231404958677686,67333.0
859,14004,3.701963732030442,1.5111372779903838,75784.0
860,14025,5.034053893988748,2.453557658604977,68482.0
861,14036,8.622828784119106,4.489311163895486,74418.0
862,14043,8.01264939011869,2.557544757033248,58931.0
863,14422,5.265546981389015,3.5921817221341787,68431.0
864,14619,27.224630759056506,9.342080946220662,42906.0
865,14622,12.746662188260979,1.2995896032831737,56493.0
866,14701,23.682227937547086,3.5633825162620973,41442.0
867,14724,14.225589225589225,1.875,52109.0
868,14775,13.695395513577333,2.8368794326241136,47917.0
869,14782,20.592134334953602,4.022346368715084,43452.0
870,14803,17.125,1.8413597733711047,48688.0
871,14810,16.808491972980086,2.9271680889065292,41022.0
872,12131,11.235955056179774,0.0,43750.0
873,12139,2.73972602739726,2.3622047244094486,73438.0
874,12059,4.934601664684899,2.403846153846154,80278.0
875,12183,7.728155339805825,3.553756185335133,55104.0
876,12932,9.887005649717514,1.761252446183953,62083.0
877,12027,1.2188796680497926,1.5820698747528017,101667.0
878,12037,8.386187455954898,1.8404907975460123,58266.0
879,12090,15.603973085549502,0.9809932556713672,54070.0
880,12093,12.427184466019417,5.405405405405405,52188.0
881,12106,5.229318474067724,2.62891809908999,83750.0
882,12136,3.6885245901639343,0.4702194357366771,102050.0
883,12144,8.163772946619572,2.9245001492091913,72006.0
884,12165,11.464968152866243,0.0,97500.0
885,12168,7.033939990162322,7.093821510297483,75795.0
886,12175,6.8181818181818175,3.747072599531616,62639.0
887,12190,3.6540803897685747,1.9202363367799113,50833.0
888,12407,7.878787878787878,3.6363636363636362,39402.0
889,12489,25.730994152046783,2.121771217712177,27188.0
890,12433,36.96027633851468,4.8936170212765955,-666666666.0
891,12435,14.799999999999999,0.0,61042.0
892,12456,9.25589836660617,10.0,61250.0
893,12492,7.857142857142857,4.285714285714286,-666666666.0
894,12494,0.0,0.0,100000.0
895,12508,9.62744989173283,3.2489451476793247,75962.0
896,12514,3.2037437005039595,2.3582954075299956,113140.0
897,12518,2.306885704299196,3.3927794693344935,82230.0
898,12521,7.042253521126761,3.44,92610.0
899,12528,9.253875968992247,2.595490105844455,75502.0
900,12529,9.532062391681109,5.568130375735627,83892.0
901,12531,2.299605781865966,2.3818975784041285,117478.0
902,12577,5.215928210880538,1.3568521031207599,142931.0
903,12585,20.25028441410694,2.5,86466.0
904,12586,8.489789196310936,2.252493832457364,83397.0
905,12732,11.046511627906977,5.74468085106383,51000.0
906,12733,54.73465140478668,0.0,-666666666.0
907,12137,5.839002267573696,3.3041132838840186,74196.0
908,12164,2.3255813953488373,1.6304347826086956,72083.0
909,12166,14.585152838427948,4.636459430979979,44688.0
910,12182,17.084759974844523,3.576147273848322,52467.0
911,12186,4.53074433656958,1.9851116625310175,106250.0
912,12189,13.637155297532654,2.673687089715536,52594.0
913,12302,6.200684829536995,2.2870264064293915,77740.0
914,12420,14.049586776859504,0.0,106667.0
915,12439,24.42528735632184,0.0,36563.0
916,12450,0.0,0.0,51853.0
917,14479,0.0,0.0,69107.0
918,14486,11.58129175946548,5.0,87679.0
919,14511,13.895216400911162,18.31831831831832,54167.0
920,14529,0.0,0.0,-666666666.0
921,14537,19.047619047619047,0.0,-666666666.0
922,14539,5.555555555555555,0.0,-666666666.0
923,14542,0.0,9.090909090909092,54500.0
924,14549,0.0,0.0,50536.0
925,14588,0.0,0.0,88646.0
926,14592,0.0,0.0,126250.0
927,14627,,3.4071550255536627,-666666666.0
928,14707,2.3255813953488373,0.0,65500.0
929,14720,18.96838602329451,6.015037593984962,34537.0
930,14722,10.638297872340425,2.459016393442623,-666666666.0
931,13811,5.690672963400236,2.049910873440285,74107.0
932,13856,21.13009643038403,2.7183689786128324,47135.0
933,13904,19.385053960496844,5.249505928853755,51695.0
934,13607,8.006158583525789,4.481546572934974,48889.0
935,13616,18.665886483323582,2.686108979278588,52902.0
936,13637,2.9888785912882296,2.087621287856513,55046.0
937,13665,7.554945054945055,0.0,53317.0
938,13680,38.38383838383838,4.545454545454546,40781.0
939,13681,26.996197718631176,3.0303030303030303,47054.0
940,13687,11.483253588516746,0.5390835579514826,52188.0
941,13734,19.482663731425426,17.506297229219143,56136.0
942,13757,11.434977578475337,1.4692378328741964,57121.0
943,13820,20.07671170139684,3.199221949221949,50234.0
944,13832,9.895833333333332,2.0325203252032518,44875.0
945,13835,12.985865724381625,5.960945529290853,55395.0
946,13839,17.25021349274125,2.0964360587002098,48125.0
947,13740,11.262135922330096,2.4663677130044843,66607.0
948,13783,11.178707224334602,1.3774104683195594,48750.0
949,13801,21.971830985915496,4.749787955894826,40486.0
950,13633,3.9215686274509802,2.092050209205021,72500.0
951,13646,22.71135567783892,4.18848167539267,46298.0
952,13648,13.81294964028777,6.423611111111111,50114.0
953,13661,11.096345514950166,2.4555461473327687,71750.0
954,13736,9.718557607739665,4.382929642445213,58000.0
955,13739,10.068027210884352,5.985401459854015,60682.0
956,13750,9.659714599341383,0.36101083032490977,43897.0
957,13778,8.574074074074074,4.141616566466266,61175.0
958,13782,5.310880829015544,2.4691358024691357,58235.0
959,13838,27.68968040985606,3.1055900621118013,40909.0
960,13864,12.15909090909091,1.971090670170828,45329.0
961,13029,7.5746949081217565,3.2200357781753133,77378.0
962,13032,7.228421398096488,3.854218671992012,58894.0
963,13068,12.209302325581394,4.566744730679157,67098.0
964,13080,7.2274143302180685,5.405405405405405,58274.0
965,13088,6.699225949133799,2.86228328426562,60775.0
966,13112,4.961147638971906,0.7037747920665387,68250.0
967,13606,9.166998804304503,1.0076775431861804,67054.0
968,13452,19.633683270046905,3.2764689953966966,43299.0
969,13470,24.177949709864606,0.4282655246252677,41979.0
970,13485,9.75609756097561,2.405498281786942,52593.0
971,13612,8.436301661695781,1.6145833333333335,66167.0
972,13402,7.384987893462469,0.0,60729.0
973,13420,9.722222222222223,0.0,55813.0
974,13602,30.89430894308943,0.29069767441860467,44861.0
975,13635,14.776632302405499,8.911917098445596,56645.0
976,12304,13.983815028901732,3.450143530303851,50949.0
977,12308,17.838571105584442,6.395963870127757,48092.0
978,12440,11.598587997982854,5.079191698525396,81985.0
979,12460,42.64705882352941,7.07395498392283,27143.0
980,12481,17.030303030303028,0.0,54424.0
981,12482,16.83673469387755,0.0,36483.0
982,12491,13.93273850377488,2.842809364548495,77794.0
983,12517,14.893617021276595,0.0,-666666666.0
984,12563,10.050774638718917,2.4393549261417538,103098.0
985,12564,10.287113893046673,1.5012106537530265,91545.0
986,12581,6.03484912877178,1.443504230960677,81653.0
987,12590,8.226258193052868,3.0956462118615016,91595.0
988,12742,4.901960784313726,0.0,-666666666.0
989,12776,6.281156530408774,0.9994447529150472,56750.0
990,11793,2.697847601005977,2.3202041141763674,139543.0
991,11801,3.9008502809407783,2.470214687290629,110302.0
992,11933,11.182239171887769,3.2974001268230815,77061.0
993,11939,1.5015015015015014,0.8820286659316428,79408.0
994,11946,7.241960580912863,1.6447621243563137,83301.0
995,11960,0.0,3.4257748776508974,138833.0
996,11963,9.008881996334415,1.8419693578929248,87688.0
997,11971,11.91503484898772,1.1683168316831682,76250.0
998,11975,17.27941176470588,2.272727272727273,142969.0
999,11509,2.03125,1.1078717201166182,126836.0
1000,11552,6.862824021896635,2.9939819458375125,122367.0
1001,11375,8.431410380088751,2.996279564177518,84713.0
1002,11420,10.75523587899302,4.4264575692424435,79273.0
1003,11435,13.447999590883523,6.140716069941715,66137.0
1004,12786,6.214689265536723,0.0,61250.0
1005,12790,9.293680297397769,5.922944220816561,74375.0
1006,12801,15.769694391264268,4.327705887393949,50232.0
1007,12816,10.006885471654808,1.1436541143654115,59375.0
1008,12828,5.268828790001077,1.9442724458204335,62773.0
1009,12305,23.81388952555581,4.69877169038799,37875.0
1010,12406,24.920802534318902,2.631578947368421,-666666666.0
1011,12421,2.11864406779661,8.47457627118644,71771.0
1012,12428,19.070583077597544,6.544264679149246,47784.0
1013,12446,13.764213046080192,2.0869138227350845,59268.0
1014,12472,14.002732240437158,2.5416997617156474,60750.0
1015,12473,4.43213296398892,0.0,47458.0
1016,12495,4.580152671755725,18.3206106870229,89231.0
1017,12507,3.3333333333333335,2.232142857142857,77813.0
1018,12538,10.722154222766218,3.9048955667464704,75297.0
1019,12547,4.887482419127989,0.7067137809187279,87222.0
1020,12553,5.990521327014218,2.4980192944027593,81709.0
1021,12567,16.59703759969616,2.4771838331160363,59661.0
1022,12570,2.726872892537751,2.63582571274879,102607.0
1023,12721,12.636406768938796,5.1118866762471775,85750.0
1024,12723,15.630769230769232,3.2145352900069883,55000.0
1025,12724,10.588235294117647,0.0,71216.0
1026,12734,21.460674157303373,1.1363636363636365,54400.0
1027,12743,20.0,4.748603351955307,66250.0
1028,12749,29.074889867841406,6.321839080459771,-666666666.0
1029,12771,17.3880290371182,3.0227120908483633,56658.0
1030,12780,12.984054669703873,0.49126637554585156,54722.0
1031,12785,3.147953830010493,1.146788990825688,85231.0
1032,12792,15.441176470588236,9.047619047619047,46731.0
1033,12812,0.0,0.0,73000.0
1034,12823,11.894273127753303,0.0,72171.0
1035,12832,16.198501872659175,2.5230202578268877,44235.0
1036,12835,7.695439739413682,1.360863444392304,57778.0
1037,12850,13.05853827502598,1.4279714405711887,84651.0
1038,12853,11.54064809550881,1.9392372333548804,40380.0
1039,12855,12.380952380952381,7.614213197969544,43333.0
1040,12870,7.773459189339256,0.8316008316008316,51938.0
1041,12874,0.0,0.0,91000.0
1042,12914,19.86970684039088,2.046384720327422,57731.0
1043,12916,11.095169775227163,3.1353135313531353,60139.0
1044,12917,14.338781575037146,1.618705035971223,59643.0
1045,12937,15.143992055610726,4.426106526631658,45800.0
1046,12946,14.273166447079491,1.8320180383314542,60464.0
1047,12950,2.8526148969889067,3.4848484848484853,60139.0
1048,12985,25.64102564102564,3.5580524344569286,-666666666.0
1049,14814,1.8537590113285274,0.4663557628247834,95227.0
1050,14818,5.573468447719945,2.706843718079673,63405.0
1051,14820,11.138014527845035,4.0479760119940025,53929.0
1052,14841,13.719943422913719,0.0,-666666666.0
1053,14842,35.61887800534283,4.019488428745433,38750.0
1054,14870,8.049435787211177,3.8723181580324435,68706.0
1055,14886,10.814836883658572,1.463150289017341,66977.0
1056,14057,5.531914893617021,1.464307504575961,73073.0
1057,14068,8.174300254452927,1.798812434509256,88580.0
1058,14069,4.040404040404041,1.3740458015267176,57344.0
1059,14101,12.823397075365579,3.606557377049181,55219.0
1060,14102,1.3545816733067728,0.0,98646.0
1061,14063,20.635313531353138,4.303714612992963,55000.0
1062,14065,12.423124231242312,1.7719568567026194,55707.0
1063,11553,10.901639344262296,2.4359594006766554,79872.0
1064,11559,4.8828125,0.6802721088435374,97392.0
1065,11565,2.6869158878504673,1.6481994459833795,128301.0
1066,11545,3.2824670163725957,2.3255813953488373,163606.0
1067,11563,3.3647004819830157,2.750013805290187,99947.0
1068,11569,0.0,3.330068560235064,156750.0
1069,11581,3.5032139577594124,3.642384105960265,117200.0
1070,11691,19.421218947973205,5.230663346895812,50267.0
1071,11701,8.377114069809284,3.142971780125719,86447.0
1072,11720,6.281131875507826,3.3541341653666144,109550.0
1073,11726,12.629185613890037,4.302661109329913,75085.0
1074,11738,4.7752337233387445,3.0167674546454095,110232.0
1075,11743,5.236943907156673,2.3271315133599955,128187.0
1076,11693,14.338292873923258,3.0125195618153366,60569.0
1077,11944,13.697270471464021,3.53887399463807,58939.0
1078,11954,2.547945205479452,1.9993941229930323,96389.0
1079,11956,10.8,7.758620689655173,69886.0
1080,11959,11.192660550458717,0.0,69167.0
1081,11964,5.047976637463496,0.0,82768.0
1082,11368,19.688255699160408,2.7817428952304555,54211.0
1083,11385,10.67952138786363,2.80466472303207,75340.0
1084,11412,8.183532035792995,4.042505521236757,81608.0
1085,11414,9.680521423228978,2.626508042895442,75471.0
1086,11430,72.77227722772277,32.17821782178218,-666666666.0
1087,11518,4.714615307453104,4.212833313040302,90417.0
1088,11542,13.469297923850048,1.385600280627905,80607.0
1089,11548,9.478168264110757,1.6494054468738015,135385.0
1090,11558,4.743512371756186,3.226723525230988,96368.0
1091,11560,6.67676003028009,1.9815059445178336,140568.0
1092,11579,8.169998059382884,1.185770750988142,134107.0
1093,11694,11.193142404122487,3.060352196956745,84485.0
1094,11697,2.667392487751769,3.2334921715452687,105750.0
1095,11703,6.254286961401759,2.9522855160718415,93938.0
1096,11729,7.669452181987,3.2120883098081796,94387.0
1097,11732,3.316257751415476,2.0071220459695693,119028.0
1098,11747,3.5116963938434185,1.953354674332005,126607.0
1099,11751,5.194440544714306,2.479966258962463,109958.0
1100,11758,3.637333130201291,1.7444515480865834,120149.0
1101,11768,4.300047778308648,1.862037355334021,136549.0
1102,11772,9.530174869614761,3.4192335196122574,80219.0
1103,11782,6.2741902627826445,2.2282968853545393,116893.0
1104,11784,5.636718283507823,3.13648615535408,93050.0
1105,11798,17.670710099495707,4.073504118765276,81378.0
1106,11932,4.285714285714286,1.4690451206715633,103056.0
1107,11935,2.3734177215189876,4.210911753936287,102688.0
1108,13642,18.074589979779827,3.691717607575213,39233.0
1109,13654,30.793278624462683,4.690117252931323,46591.0
1110,13656,14.750402576489533,3.135552339604438,53611.0
1111,13659,22.041763341067284,5.434782608695652,53542.0
1112,13660,19.40928270042194,1.9711902956785443,53643.0
1113,13669,17.916786639792686,2.8611197030621716,50569.0
1114,13682,3.5665294924554183,0.49180327868852464,75357.0
1115,13697,19.00341963849536,2.9132362254591513,42757.0
1116,13118,10.079051383399209,1.520764281536362,59883.0
1117,13120,10.15252621544328,5.3386911595866815,47125.0
1118,13131,9.830130882762461,4.744645799011532,58063.0
1119,13614,26.548672566371685,7.5098814229249005,31150.0
1120,13624,7.19247143177235,3.0746076112663943,68869.0
1121,13625,14.084507042253522,3.145917001338688,59274.0
1122,14067,5.529953917050691,2.1497755728797543,66773.0
1123,14080,6.6294487090020935,3.7704918032786887,67260.0
1124,14086,4.217446584178373,2.0135491155438467,83668.0
1125,14129,13.986928104575163,5.714285714285714,55000.0
1126,14138,20.331728196896737,2.432045779685265,51066.0
1127,14141,12.5,1.3477975016436554,59019.0
1128,14202,20.0,1.4553686934023284,49954.0
1129,14209,29.43524541691307,5.168637757336837,39447.0
1130,14215,29.784288554959854,5.816259087904825,33788.0
1131,14425,7.648819421350182,1.5233949945593037,68503.0
1132,14219,14.771590530176725,3.636002384263858,54316.0
1133,14224,5.647471355195575,1.8407917135520355,68937.0
1134,14226,9.88358517629007,2.287135863895353,72388.0
1135,14445,11.758571242341285,2.648288678953074,52450.0
1136,14464,9.458009122618728,2.2481265611990007,60460.0
1137,14470,9.705042816365367,2.972226733798928,56197.0
1138,14502,6.59865219019094,2.6767971946230276,71163.0
1139,14513,13.641048292108362,2.6376554174067497,48769.0
1140,14517,19.681771013490142,3.39329517579722,55288.0
1141,14521,14.476428869420108,2.5816649104320337,49185.0
1142,14522,11.67129372570794,2.6425778616691384,61536.0
1143,14545,0.0,2.4691358024691357,68750.0
1144,14559,6.975021168501271,3.38271928674446,80847.0
1145,14560,10.102899906454631,2.2914218566392477,62135.0
1146,14572,11.741767764298093,3.745713532049591,53351.0
1147,14585,4.705882352941177,0.0,46818.0
1148,14586,10.548302872062663,2.761533463287849,80300.0
1149,14609,20.04342946371932,5.061359057329507,47935.0
1150,14616,11.204971717773146,3.7344016208500252,52660.0
1151,14708,7.623318385650224,3.937007874015748,83125.0
1152,14717,8.300395256916996,0.6147540983606558,42292.0
1153,14726,27.167019027484145,2.307080350039777,38631.0
1154,14736,1.9704433497536946,3.260869565217391,54688.0
1155,14739,19.882611885546588,4.217432052483598,42792.0
1156,14753,19.514472455648928,1.8599562363238513,37692.0
1157,14767,10.528778661675247,2.838709677419355,54279.0
1158,14770,15.05302771125556,3.856382978723404,50050.0
1159,14008,16.96113074204947,4.383788254755997,58073.0
1160,14805,18.11320754716981,4.307334109429569,46691.0
1161,14812,13.882488479262673,5.05338078291815,61316.0
1162,14813,21.330902461257974,2.527075812274368,47823.0
1163,14861,10.813226094727435,5.291005291005291,42188.0
1164,14885,23.087621696801115,4.569420035149385,50217.0
1165,14001,5.335013652593993,2.8956057912115822,63856.0
1166,14013,11.570247933884298,2.837837837837838,57825.0
1167,13626,14.696337505795084,2.21316249271986,58024.0
1168,13037,6.80552691276552,1.58609313538891,78669.0
1169,13044,5.788032850997262,1.248266296809986,66349.0
1170,13053,15.27313266443701,1.239067055393586,64831.0
1171,13846,15.447154471544716,0.0,54583.0
1172,13850,14.881572392554684,2.318285744669538,68000.0
1173,13861,5.86080586080586,0.0,61875.0
1174,13862,7.757206468244668,3.233190271816881,58359.0
1175,13155,6.841046277665996,2.127659574468085,63750.0
1176,13078,6.134783922635237,1.3544018058690745,91786.0
1177,13639,36.28691983122363,3.0303030303030303,48636.0
1178,13756,17.678100263852244,6.069364161849711,48958.0
1179,13042,15.467625899280577,3.9313399778516054,65750.0
1180,13135,13.463047230503689,3.349828701941378,57444.0
1181,13327,12.315996074582925,1.5673981191222568,56484.0
1182,13413,4.212815111775497,1.439228392736041,75204.0
1183,13502,21.25590179414542,4.047026904815736,43110.0
1184,13342,5.263157894736842,9.836065573770492,66250.0
1185,13619,14.399922004484742,2.513595166163142,50665.0
1186,13730,14.38177063877475,6.660936828534594,58864.0
1187,13476,5.571776155717761,0.7035790761700825,74122.0
1188,13615,0.5446623093681917,0.0,51635.0
1189,13679,6.736035049288061,3.3310201249132545,53750.0
1190,13812,7.413647851727043,1.3975155279503106,66875.0
1191,13440,16.75391320044354,1.987416056627745,53267.0
1192,13308,10.273779283093424,3.5365442910070732,62313.0
1193,13460,12.550974173085635,2.3958927552766687,53178.0
1194,13807,13.929492691315563,1.7346938775510203,53000.0
1195,13808,9.658344283837057,9.275136399064692,48250.0
1196,13069,21.49747358750574,4.890405845021599,51931.0
1197,13674,0.0,0.0,-666666666.0
1198,13677,0.0,0.0,-666666666.0
1199,13678,2.25,8.405797101449275,-666666666.0
1200,13692,13.333333333333334,0.0,31250.0
1201,13695,0.0,0.0,104219.0
1202,13696,0.0,0.0,-666666666.0
1203,13751,5.555555555555555,0.0,41615.0
1204,13784,10.76923076923077,3.4482758620689653,73264.0
1205,13794,0.0,26.31578947368421,46250.0
1206,13806,9.691629955947137,3.260869565217391,34135.0
1207,13826,0.0,0.0,-666666666.0
1208,13845,0.0,0.0,-666666666.0
1209,13847,11.224489795918368,4.411764705882353,-666666666.0
1210,13860,0.0,0.0,-666666666.0
1211,13902,0.0,1.7455138662316478,-666666666.0
1212,12503,8.43806104129264,2.620967741935484,69844.0
1213,12463,13.29815303430079,1.2940330697340043,73945.0
1214,12484,8.001531393568147,2.4258760107816713,65485.0
1215,12498,14.895729890764647,3.7140204271123487,61797.0
1216,12523,12.833230006199628,3.2927702219040804,56991.0
1217,12525,2.8755074424898512,2.8293918918918917,78979.0
1218,12526,6.19126589275843,3.5256410256410255,76964.0
1219,12533,3.705603788476717,2.129777070063694,105150.0
1220,12545,7.735052233829739,2.3450999753147372,85286.0
1221,12565,17.06881143878463,3.711790393013101,50472.0
1222,12569,7.347223606818861,2.4387328153018526,87500.0
1223,12572,10.353110737448954,3.0505856609602264,78067.0
1224,12592,28.011011699931178,3.906899418121363,55994.0
1225,12729,12.485681557846506,5.088339222614842,49571.0
1226,10469,15.595607919488067,4.686817066200451,65399.0
1227,10514,1.5473277019025815,3.5221571906354514,250001.0
1228,10526,6.012478729438457,4.040404040404041,139671.0
1229,10578,4.49438202247191,0.0,111076.0
1230,10591,8.072582429741093,3.8561640197588574,98071.0
1231,10605,8.7903989893673,2.49568055288923,116895.0
1232,10701,23.307231690465223,4.09202958093673,47525.0
1233,10002,27.3617620763458,3.3500052886867437,36982.0
1234,10029,32.85998027320263,5.23879956104776,33720.0
1235,10031,21.972935671727203,4.748130657221567,53660.0
1236,10034,18.21090047393365,3.4967811463089533,54406.0
1237,10040,21.035838150289017,6.546311247584509,49677.0
1238,10103,,,-666666666.0
1239,10154,,,-666666666.0
1240,10173,,,-666666666.0
1241,11237,29.092143989132897,3.820635437269973,53303.0
1242,11354,19.840443981963233,2.250238694557764,40786.0
1243,11356,9.897479709525845,1.9540976507524086,61859.0
1244,11360,7.156458267216756,2.35489424495819,83063.0
1245,11362,6.034956579092008,2.4462893719500602,93333.0
1246,11366,11.536839145106862,4.689889549702634,84301.0
1247,11370,11.560670136629799,2.195506359271341,63706.0
1248,11371,,,-666666666.0
1249,11374,13.69332841872466,2.051987272825325,66795.0
1250,11379,7.528628495339547,3.002741493307531,83883.0
1251,11419,11.511970457657359,5.020456449943313,75835.0
1252,11422,6.370033494146207,3.9440343725900626,88130.0
1253,11001,3.172788337859082,2.426807150876587,113300.0
1254,11024,5.861779518746502,2.670775552131484,128450.0
1255,11050,7.728345017775857,2.204136995591726,133882.0
1256,11204,20.803518676557474,3.9128895184135972,53093.0
1257,11218,18.509404846311046,4.1146148625098595,73470.0
1258,11223,18.651101506027807,4.145401020751003,54023.0
1259,11224,28.123259285666542,4.46355338007673,32549.0
1260,11373,13.10397112684328,2.741854700964465,54584.0
1261,11030,3.8342712126227516,1.8706426451301168,200703.0
1262,11967,12.120992573809094,3.512870041777099,86953.0
1263,11977,4.332840965041852,4.552673372154579,117216.0
1264,11762,3.2668039022643875,1.9448766392531673,132426.0
1265,11776,10.472412257620531,1.5180171212422855,101793.0
1266,11789,4.601855198168895,2.558941920644048,102052.0
1267,10472,31.16020621926397,6.199696722267585,33498.0
1268,10518,6.2558356676003735,11.834961997828447,175750.0
1269,10537,9.176566980745596,4.728789986091794,99565.0
1270,10546,0.32573289902280134,0.0,237708.0
1271,10309,6.633298984248491,1.551238429736948,109457.0
1272,10467,25.195026571743707,7.079996930082631,39372.0
1273,10604,8.276725062567037,3.9434768320736113,101508.0
1274,10928,5.066344993968637,2.459736456808199,84267.0
1275,10456,37.16424627611113,7.802090512290374,27917.0
1276,10520,3.9608610567514675,4.03717688062736,110094.0
1277,10590,4.238485447866629,2.3051205349287347,153571.0
1278,10960,7.355878045533218,2.2706766917293235,87479.0
1279,10001,13.05831533477322,3.6210072330293364,92840.0
1280,10035,36.77498853736818,4.558939873417722,29799.0
1281,10065,5.8789488017429194,1.6677785190126753,148441.0
1282,10075,2.4544953116381687,0.2695837005547203,138640.0
1283,10110,,,-666666666.0
1284,10168,,,-666666666.0
1285,10174,,,-666666666.0
1286,10199,,,-666666666.0
1287,10311,,,-666666666.0
1288,10505,2.203856749311295,0.0,143000.0
1289,10517,0.0,4.166666666666666,105357.0
1290,10545,35.3448275862069,8.620689655172415,-666666666.0
1291,10596,2.49597423510467,8.650190114068442,85417.0
1292,10910,,,-666666666.0
1293,10911,,,-666666666.0
1294,10914,0.0,4.713804713804714,98661.0
1295,10915,0.0,0.0,-666666666.0
1296,10922,5.253512522907758,0.7468259895444361,79832.0
1297,10932,18.627450980392158,0.0,-666666666.0
1298,10933,28.95204262877442,0.0,95673.0
1299,10953,0.0,0.0,-666666666.0
1300,10979,0.0,0.0,-666666666.0
1301,10988,7.232704402515723,0.0,92031.0
1302,10607,4.659983744242752,1.1936972783702053,136250.0
1303,10468,29.751183614656235,7.404049561801148,37804.0
1304,10550,17.51025253615368,5.143651529193698,49648.0
1305,10952,32.85499391132017,3.4677087618264086,59304.0
1306,10984,3.764790247400502,4.427083333333334,127344.0
1307,10516,4.241860465116279,2.9439252336448596,107171.0
1308,10018,14.162211352519622,2.756527018822101,122484.0
1309,10027,25.267540690272188,3.3995164480914353,51938.0
1310,10036,14.328903888068623,2.9939894815927874,95301.0
1311,10170,,,-666666666.0
1312,10171,,,-666666666.0
1313,10304,21.564842437764796,3.535246620497777,54199.0
1314,10308,4.3624161073825505,3.298689561680976,103027.0
1315,10459,33.54946620686807,5.811254302409349,29284.0
1316,10466,17.81756756756757,6.036046530979048,58393.0
1317,10474,47.902283590015934,5.701803517419066,22965.0
1318,10509,5.418236235099851,2.570210631895687,104568.0
1319,10519,0.6920415224913495,0.0,156411.0
1320,10523,8.443562610229277,4.445350734094617,100816.0
1321,12769,2.4096385542168677,19.601328903654487,-666666666.0
1322,12781,5.0359712230215825,6.5420560747663545,64167.0
1323,12811,0.0,0.0,55917.0
1324,12862,,,-666666666.0
1325,12864,36.36363636363637,9.090909090909092,-666666666.0
1326,12872,0.0,0.0,-666666666.0
1327,12884,18.974358974358974,4.3478260869565215,53438.0
1328,12151,3.4028540065861685,3.8363171355498724,96000.0
1329,12205,6.993058906499387,1.7359565565743789,75514.0
1330,12464,18.055555555555554,2.9487179487179485,50972.0
1331,12486,5.422057917436845,0.7003891050583658,89318.0
1332,12522,14.659798239965657,2.62831638978428,55417.0
1333,12575,6.258205689277899,0.0,142228.0
1334,12924,0.0,0.0,-666666666.0
1335,12929,6.760563380281689,0.6458279514337381,51429.0
1336,12933,0.0,0.0,-666666666.0
1337,12939,12.10762331838565,0.0,58631.0
1338,12973,9.615384615384617,1.0869565217391304,61000.0
1339,12975,7.196969696969697,1.8181818181818181,54792.0
1340,12976,14.349775784753364,3.7209302325581395,55000.0
1341,12977,0.0,0.0,-666666666.0
1342,12978,48.170731707317074,20.54794520547945,-666666666.0
1343,12997,8.606173994387278,3.5160289555325748,61736.0
1344,12998,3.076923076923077,1.2461059190031152,43774.0
1345,12983,17.792171995589857,2.6806526806526807,53739.0
1346,12987,1.0101010101010102,0.0,63750.0
1347,12413,10.415926057589763,2.7993109388458226,41774.0
1348,12418,22.57495590828924,0.8583690987124464,70938.0
1349,12419,22.275641025641026,0.0,69219.0
1350,12422,7.932011331444759,0.0,-666666666.0
1351,12429,6.790123456790123,6.177606177606178,-666666666.0
1352,12430,14.119749776586238,5.501618122977346,54167.0
1353,12443,1.5459230069718097,1.1355815554026154,96515.0
1354,12470,9.1796875,0.0,63750.0
1355,12477,8.051717440763554,3.3634071911901287,57527.0
1356,12513,0.0,0.0,-666666666.0
1357,12540,2.870404299499206,2.910413824465666,120341.0
1358,12520,3.8898450946643717,2.170212765957447,101500.0
1359,12485,16.878980891719745,1.8604651162790697,55303.0
1360,12493,0.0,0.0,-666666666.0
1361,12516,13.699421965317917,0.0,91750.0
1362,12524,8.007853586705,2.3219116321009916,82196.0
1363,12534,17.788968263262678,3.4482758620689653,53743.0
1364,12542,6.0120953397367485,1.076158940397351,84777.0
1365,12571,8.855975485188969,1.9663616126638634,85170.0
1366,12601,17.570498915401302,5.268947947426321,48132.0
1367,12748,6.952595936794583,1.5771315919172006,70682.0
1368,12760,5.058365758754864,5.031446540880504,66094.0
1369,12765,0.8412197686645636,0.0,88438.0
1370,12775,4.0650406504065035,3.2171581769436997,103802.0
1371,12778,5.582137161084529,5.698529411764706,-666666666.0
1372,12783,12.191510365251727,0.4935225169648365,70327.0
1373,12821,20.454545454545457,1.5901060070671376,82770.0
1374,12834,5.814130932397375,0.6564141035258815,71677.0
1375,12838,7.747747747747748,1.6161616161616161,66500.0
1376,12846,6.124961526623577,1.8743491843110032,58950.0
1377,12866,5.266565939995683,2.4849007765314925,85351.0
1378,12885,12.403628117913833,2.39311642914762,51452.0
1379,12903,2.2745098039215685,2.1395348837209305,66290.0
1380,06390,0.0,23.684210526315788,61125.0
1381,10527,0.7567567567567568,3.225806451612903,183824.0
1382,10533,5.518151815181518,3.3782601085244184,158860.0
1383,10538,2.4468215910488134,2.7610944277610945,196944.0
1384,10547,5.851842000265993,2.5928853754940713,110685.0
1385,10548,10.104625550660792,4.57680250783699,89572.0
1386,10567,4.00059710404538,1.8129253749322412,134719.0
1387,10570,2.201205222631403,3.5787420770355927,146969.0
1388,10606,11.481750060430263,3.3919505555146787,80492.0
1389,10801,15.545582896329165,4.4823436169900495,64043.0
1390,10803,4.109698568801471,2.863340563991323,157143.0
1391,10804,2.9270538709465237,2.2556390977443606,182396.0
1392,10805,7.972844077876901,4.762490014133841,72138.0
1393,10916,5.211035133223296,2.394526795895097,104583.0
1394,10927,14.415322580645162,6.164680390032503,63191.0
1395,10940,14.56416949081188,2.628544472980764,62486.0
1396,10977,27.25998171289241,4.561799337234717,54759.0
1397,10980,5.6094232564820805,4.405515566733154,110625.0
1398,10998,7.832977750685767,3.262182843334676,89135.0
1399,10004,1.3193403298350825,2.8956228956228958,190223.0
1400,10025,14.26815947569634,3.5028009986709225,91624.0
1401,10030,27.58320152361277,6.546754113812198,42348.0
1402,10037,25.163560666137986,6.440490117603597,46263.0
1403,10552,9.398973733678808,2.6651149258073903,77242.0
1404,10577,11.139424827084092,5.831053351573187,164181.0
1405,10589,3.6957301758162897,1.9843342036553524,100313.0
1406,10595,13.981595934624364,3.895213276642436,109950.0
1407,10601,17.88602233346169,3.6118828809574697,71290.0
1408,10603,7.106484100939232,4.0986949429037525,95833.0
1409,10901,6.666372150556635,2.887040515159646,96460.0
1410,10917,5.549263873159683,7.178043631245602,111677.0
1411,10918,4.904392351388111,2.2335423197492164,108073.0
1412,10969,0.9029345372460496,0.0,107093.0
1413,10974,5.786675007819831,4.980237154150197,103942.0
1414,10983,2.6267358206458087,1.7714044706874739,118708.0
1415,10271,,,-666666666.0
1416,10312,5.880816326530612,2.7264551994767823,97407.0
1417,10452,36.225619680354335,5.771623591311458,29579.0
1418,10462,19.09329724566152,5.667177663981213,54278.0
1419,10473,26.48370090352766,4.168732351863428,41508.0
1420,10501,2.8854080791426218,2.7750247770069376,215515.0
1421,10506,3.186619718309859,1.429528702255975,224167.0
1422,10005,9.458682910010344,2.819280239054177,189702.0
1423,10010,10.820694202985432,2.5589054978464656,132988.0
1424,10016,8.202504167151218,2.336980840418175,126628.0
1425,10017,6.48744162564685,2.239923747276688,131045.0
1426,10026,23.13900170313114,4.068569287453943,59691.0
1427,10033,17.61828499808516,5.568156276180551,63093.0
1428,10069,9.254668649809949,2.2869022869022873,132500.0
1429,10111,,,-666666666.0
1430,10115,,,-666666666.0
1431,10128,6.0078116969883855,2.4447918702364664,121829.0
1432,10153,,,-666666666.0
1433,10169,,,-666666666.0
1434,10310,16.408394206815018,2.415510685019549,76075.0
1435,10576,1.613232591382479,2.2238514173998047,199167.0
1436,10549,6.133625410733845,2.805704933364508,108287.0
1437,10553,9.727047146401985,4.58804916636242,74942.0
1438,10560,4.776511831726555,3.1124497991967868,132303.0
1439,10580,3.805865921787709,2.5621178109760816,195172.0
1440,12913,7.000000000000001,3.4820457018498367,52386.0
1441,12926,18.28471919895516,3.2831001076426265,48707.0
1442,12942,1.2106537530266344,8.289473684210526,83333.0
1443,12945,14.02439024390244,0.0,54444.0
1444,12952,32.93413173652694,13.77049180327869,49911.0
1445,12953,22.42282000361076,2.0087069426411057,48721.0
1446,12955,25.449101796407188,1.1111111111111112,51964.0
1447,12957,25.85905649388468,0.8124076809453471,45050.0
1448,12960,0.8168028004667445,5.532503457814661,64911.0
1449,12966,21.580656802598337,4.92239467849224,48352.0
1450,12967,29.059040590405903,2.4618991793669402,39464.0
1451,12972,4.140127388535031,2.9637305699481864,73897.0
1452,12306,10.747296336489166,3.563443901993886,66231.0
1453,12401,17.454514048825427,4.758260869565217,56668.0
1454,12410,6.756756756756757,8.64864864864865,43148.0
1455,12424,2.3923444976076556,0.0,65833.0
1456,12431,18.374884579870727,2.0697167755991286,70694.0
1457,12444,5.585585585585585,1.4084507042253522,59615.0
1458,12451,12.998040496407576,2.2590361445783134,58775.0
1459,12454,5.191256830601093,3.484320557491289,54432.0
1460,12457,18.598130841121495,5.180840664711632,57542.0
1461,13072,14.496314496314497,3.0104712041884816,57212.0
1462,13077,7.61986301369863,1.8610421836228286,64602.0
1463,13108,3.690830850711685,1.9269369731031716,76435.0
1464,13156,11.141157382368847,3.4416826003824093,55250.0
1465,13164,8.24372759856631,3.631713554987212,93276.0
1466,13202,53.87007601935038,8.398220244716352,20196.0
1467,13204,36.11185658311417,5.532600322151411,34856.0
1468,13207,19.478967495219884,5.11462047885889,53012.0
1469,13290,,,-666666666.0
1470,13303,7.417840375586854,2.848101265822785,62316.0
1471,13309,11.931818181818182,2.7364792070674424,57500.0
1472,13313,20.705882352941178,2.1212121212121215,48750.0
1473,13314,4.923076923076923,0.0,67500.0
1474,13322,8.96551724137931,0.8849557522123894,62188.0
1475,13021,14.177601132465837,3.3090816261407876,52842.0
1476,13304,6.0606060606060606,1.696165191740413,80559.0
1477,13110,6.534365924491771,1.7718715393133997,82500.0
1478,13126,19.73422990714057,4.90741346594255,53134.0
1479,13145,12.99513551077137,1.621160409556314,51466.0
1480,13206,22.532085882211828,3.2291283560132404,43674.0
1481,13039,3.7524337719039473,2.0390200968167815,91893.0
1482,13083,13.353413654618473,1.6776512881965249,69792.0
1483,13101,11.631944444444445,4.823848238482385,57054.0
1484,13114,12.740157480314963,2.5712025316455698,65964.0
1485,13140,8.487654320987655,1.8857901726427624,54011.0
1486,13142,14.035636136292592,2.7934044616876816,54467.0
1487,13146,14.802765351769013,4.600740349021681,55490.0
1488,13160,7.837528604118993,1.3888888888888888,66196.0
1489,13166,8.741698079339438,2.8820960698689957,65777.0
1490,13205,30.475724593371652,6.432662652371861,32579.0
1491,13210,42.486744741595295,4.925390763415882,31319.0
1492,13212,12.239669813558518,2.932584913225271,59932.0
1493,13431,8.412256267409472,1.6358463726884778,72344.0
1494,13326,9.152139461172741,2.9531350310293174,56759.0
1495,13411,11.944173969490425,4.342900302114804,53243.0
1496,13417,16.983938132064246,2.9078014184397163,38711.0
1497,13433,20.515695067264573,3.2330827067669174,47895.0
1498,13464,20.21978021978022,2.568644818423383,42946.0
1499,10597,0.0,0.0,237667.0
1500,10913,2.0369191597708465,3.362959404275763,151279.0
1501,10919,0.42194092827004215,1.3315579227696404,105321.0
1502,10924,6.439270595897102,2.271493212669683,105000.0
1503,10950,24.744000316293047,2.3628664705692213,76827.0
1504,10707,4.89503629586031,2.110564815925171,114386.0
1505,10710,6.202229299363057,3.2922004521477017,88228.0
1506,10925,4.2167135190391,3.3553025763930497,78893.0
1507,10941,9.76798312604553,3.365945606319002,76676.0
1508,10964,4.166666666666666,1.5496809480401095,175234.0
1509,10968,5.2105043768236765,2.516309412861137,123580.0
1510,10987,10.328638497652582,2.4982406755805773,129167.0
1511,10958,3.0719190458980847,3.285870755750274,104150.0
1512,10989,2.391098484848485,2.283984589983489,113135.0
1513,10994,3.501892915089237,0.9645793801391525,164464.0
1514,10536,2.1067548417572035,1.0075865339023233,183365.0
1515,10541,2.9353157572041693,2.658975801913337,107180.0
1516,10594,3.910614525139665,1.7191977077363898,165179.0
1517,10566,11.635920494179938,3.853201120931235,57022.0
1518,10573,9.165455677807763,5.582438711744913,87977.0
1519,10583,3.107789142407553,2.231139646869984,208212.0
1520,10704,7.921732522796352,2.875167272032116,75182.0
1521,10706,2.5441521551191797,2.569528415961306,142500.0
1522,10920,3.327823691460055,3.236621534493875,120378.0
1523,10921,2.6038926880589166,3.226857887874837,91875.0
1524,10930,9.08511993207387,3.712905452035887,136303.0
1525,10954,4.753939607359802,2.3753477423496685,107077.0
1526,10962,4.347067039106145,3.8808837656099904,112875.0
1527,10973,3.953206938281565,4.235044997353097,99375.0
1528,10975,0.0,7.142857142857142,75625.0
1529,10976,8.04535637149028,5.8183538315988645,59864.0
1530,10996,0.0,0.2661207778915046,115217.0
1531,10535,0.0,0.0,-666666666.0
1532,10007,2.157398966879368,1.406563965170797,224063.0
1533,10019,12.79567519858782,3.932118224265839,103792.0
1534,10020,,,-666666666.0
1535,10021,5.207000548345824,1.2017190152801358,122169.0
1536,10038,18.570851836899475,3.293775732622911,95702.0
1537,10039,25.470410801493827,9.231470923603192,42278.0
1538,10165,,,-666666666.0
1539,10167,,,-666666666.0
1540,10278,,,-666666666.0
1541,10280,4.865206402695872,2.1623721351806293,182760.0
1542,10302,16.875452369021772,2.742646013926389,66096.0
1543,10303,23.01063439677301,2.459055993043142,67215.0
1544,10457,37.142740653157745,6.320258421781265,29767.0
1545,10464,7.1065989847715745,3.8335158817086525,96366.0
1546,10986,4.3707214323328065,4.179663131628198,176250.0
1547,10992,2.227696262182714,2.3586169927633343,105245.0
1548,10507,13.328776486671224,2.0625528317836013,69852.0
1549,10003,9.203463984484236,3.14497470687424,118161.0
1550,10009,23.542546978597684,2.538570752484619,63717.0
1551,10011,9.915663637107999,2.7522935779816518,138272.0
1552,10022,3.9844540971292335,1.6058290888511602,150718.0
1553,10028,5.295916839561097,2.0525613792422073,122969.0
1554,10119,,,-666666666.0
1555,10044,10.558207858979067,4.045718432510886,104808.0
1556,10162,0.0,0.0,152336.0
1557,10279,0.0,0.0,-666666666.0
1558,13493,15.6390134529148,4.065573770491803,44792.0
1559,13601,19.02510506525105,3.8726071489073353,45963.0
1560,13620,17.887261429205502,5.776173285198556,48824.0
1561,13116,3.0873272566892087,1.3683431952662723,55984.0
1562,13141,10.876623376623376,0.7590132827324478,58393.0
1563,13148,13.832046332046332,2.757653657396588,53038.0
1564,13224,15.229290840530348,4.085517645336067,62485.0
1565,13315,13.491525423728815,3.934426229508197,61731.0
1566,13328,8.387942332896461,2.0128824476650564,78458.0
1567,13334,14.460093896713616,2.2249690976514214,54167.0
1568,13338,8.884859474161379,1.9095477386934674,55871.0
1569,13341,0.0,0.0,119792.0
1570,13346,14.493444576877234,1.9629225736095965,66913.0
1571,13357,14.974836197891939,4.26517761672805,54709.0
1572,13407,13.358702183056279,3.4549408069582026,51357.0
1573,13408,11.160914388166741,2.554535017221584,53355.0
1574,13418,3.1884057971014492,1.3114754098360655,82813.0
1575,13329,14.939530471899454,4.227886056971514,47300.0
1576,13355,9.989373007438896,0.0,75595.0
1577,13368,17.142857142857142,2.7027027027027026,45114.0
1578,13035,4.966842603870618,1.4378730330982095,82250.0
1579,13208,28.452396614480552,6.205236585652225,38475.0
1580,13302,24.24574876577071,4.765395894428153,49408.0
1581,13652,10.628645495787428,3.610675039246468,52917.0
1582,13662,18.253567369617375,4.310544611819235,50704.0
1583,13673,13.383247543284979,3.688029020556227,47917.0
1584,13675,0.0,8.870967741935484,62885.0
1585,13676,16.758701472556893,3.9239730226854688,50700.0
1586,13684,16.517412935323385,4.092071611253197,50000.0
1587,13690,10.584518167456556,0.5576208178438662,43203.0
1588,13731,8.66738894907909,3.403755868544601,55417.0
1589,13744,16.549912434325744,2.1482277121374866,62778.0
1590,13746,4.861821903787104,3.7383177570093453,64219.0
1591,13753,16.268544128740256,2.2529644268774702,55938.0
1592,13776,10.073260073260073,4.471544715447155,69868.0
1593,13780,18.622174381054897,6.451612903225806,63194.0
1594,13796,8.708487084870848,3.746654772524532,60375.0
1595,13802,1.969057665260197,0.1779359430604982,102891.0
1596,13813,20.877659574468087,0.9554140127388535,41250.0
1597,13825,6.863417982155114,3.2924961715160794,54808.0
1598,13865,7.752432604881161,3.1570480595214154,60326.0
1599,13901,23.966725960029297,3.602732663057489,44731.0
1600,13903,18.829279007193456,3.790613718411552,49411.0
1601,13905,28.713076667772985,5.628324913943404,42369.0
1602,13026,8.26645264847512,1.0554089709762533,71607.0
1603,13028,4.393816110659072,5.472636815920398,63049.0
1604,13034,5.151064883605745,1.432129514321295,73929.0
1605,13036,11.856474258970358,2.9443398763108366,59133.0
1606,13041,6.242307016001407,2.330053161407081,82411.0
1607,13057,7.199705232129698,3.0688105117565696,62963.0
1608,13061,9.377901578458681,1.0101010101010102,68409.0
1609,13066,6.2810049607937275,2.1962522667741284,92177.0
1610,13082,5.514618492987877,4.201230933904202,74450.0
1611,13111,36.72383205204021,3.3707865168539324,43155.0
1612,13752,20.353982300884958,1.4018691588785046,67250.0
1613,13755,17.61006289308176,1.001001001001001,50882.0
1614,13777,13.8328530259366,3.75,56641.0
1615,13786,7.479224376731302,8.579881656804734,40063.0
1616,13787,10.55472263868066,5.2356020942408374,49441.0
1617,10282,2.3344284973197302,2.092788703983863,250001.0
1618,10301,18.667033874965576,2.4692139668872075,62052.0
1619,10307,4.666756976429152,2.037252619324796,85103.0
1620,10460,35.60615070937049,7.722382982483267,27545.0
1621,10465,12.734459216672656,3.6526763145468184,75617.0
1622,10470,12.49600715517792,3.6931380107941405,61266.0
1623,10471,9.250712989369976,3.596178076438471,88722.0
1624,10503,11.76470588235294,0.0,80347.0
1625,10522,3.4064951832356734,3.565804274465692,143462.0
1626,10543,5.660742821170888,2.7504203699255347,104252.0
1627,10006,3.363518758085381,4.320987654320987,179044.0
1628,10012,11.079969259979205,2.8012758285952017,106467.0
1629,10013,10.727144500946514,2.2060646120796497,113191.0
1630,10014,5.786419423692636,3.953771289537713,133501.0
1631,12466,4.328424810352521,1.019367991845056,70000.0
1632,12468,15.906788247213779,2.5974025974025974,54338.0
1633,12469,0.6589785831960462,0.7017543859649122,48400.0
1634,12474,4.9275362318840585,0.6651884700665188,49545.0
1635,12480,6.972789115646258,8.503401360544217,-666666666.0
1636,12487,17.778467266521876,0.4859423811176675,65243.0
1637,12496,13.324175824175825,2.528735632183908,65197.0
1638,12501,10.492845786963434,4.913151364764268,65345.0
1639,12502,17.398945518453427,7.731958762886598,76780.0
1640,12543,6.647807637906649,2.135468802135469,75563.0
1641,12548,9.571209800918837,1.374885426214482,70509.0
1642,12550,15.689258406948259,3.9155577231240857,62222.0
1643,12561,17.036232347114833,3.4345047923322687,72907.0
1644,12566,14.284478283440041,1.8514460999123576,78330.0
1645,10023,7.95638986802197,2.6227597260673177,132605.0
1646,10024,7.400825798358857,1.8913391248000324,143623.0
1647,10032,20.757692802883994,5.0500819522855585,53525.0
1648,10112,,,-666666666.0
1649,10152,,,-666666666.0
1650,10177,,,-666666666.0
1651,10306,9.238784153517484,2.589924858832422,80834.0
1652,10461,15.379560994640768,4.555994079921065,58305.0
1653,10504,2.516184194454623,2.334815756035578,212121.0
1654,10511,6.567992599444958,3.2686980609418286,109375.0
1655,10512,4.379949383623153,3.7570566478489393,98091.0
1656,10528,5.989166094453346,3.074866310160428,112437.0
1657,10530,5.670861251838535,2.2247467575499384,109315.0
1658,10598,2.9178895638522966,2.49830335934849,128545.0
1659,10705,16.89245440096874,5.249228054697839,52232.0
1660,10709,2.592939706341768,2.6326233628786877,128365.0
1661,10931,17.057569296375267,1.5130674002751032,69844.0
1662,10963,15.174603174603174,1.0136036276340359,76118.0
1663,10970,9.97908574843143,4.491949668515762,87895.0
1664,10985,5.555555555555555,5.555555555555555,181211.0
1665,10990,4.799920662468389,1.8491747982170823,103642.0
1666,10588,6.997084548104956,9.980276134122287,111862.0
1667,10703,17.43281953348793,5.317247542448615,66322.0
1668,10708,4.497250589159465,4.192047845830103,115435.0
1669,10923,10.401863715783342,4.596142254370102,77303.0
1670,10926,6.6815144766147,2.0364415862808145,85288.0
1671,10956,3.2154945468221134,3.2676289903139484,142912.0
1672,10965,3.6932001289075087,2.653664774998002,111250.0
1673,10993,19.983136593591905,5.736472945891784,47383.0
1674,10172,,,-666666666.0
1675,10305,12.316416352290792,3.2560291481117347,79742.0
1676,10314,9.127802766410769,2.607691038125103,91505.0
1677,10451,36.13436627931193,4.468573257923381,30349.0
1678,10463,16.71206537413876,3.9628428709140304,58408.0
1679,10475,11.309120804719992,3.721936705436841,51951.0
1680,10502,1.5970961887477313,4.18552036199095,167195.0
1681,10562,10.068022606517987,2.6618153963998465,81952.0
1682,10510,2.608003185347402,3.221101251975204,174881.0
1683,10524,7.168949771689498,3.430715625837577,124006.0
1684,10532,3.6258755665430575,2.39136024685009,110417.0
1685,10579,5.729611117883701,2.304214671138982,108750.0
1686,10453,37.765898344424,7.728154074267186,29136.0
1687,10454,43.12021575090577,7.057930685555275,21447.0
1688,10455,38.14298799595044,7.695740882427953,28585.0
1689,10458,34.017485227162645,8.0168321104877,35423.0
1690,13790,17.693137310552306,3.4019634578674665,46784.0
1691,13797,7.3873873873873865,3.0885780885780885,59464.0
1692,13849,15.69546773833445,3.3005057226510517,52731.0
1693,13859,0.0,0.0,68558.0
1694,13456,6.5983504123969015,1.8209408194233687,70122.0
1695,13468,9.876543209876543,1.8421052631578945,61667.0
1696,13630,25.357142857142854,5.555555555555555,36313.0
1697,13501,30.053787539220078,4.580396046618725,40264.0
1698,13603,9.006707122325135,3.9434276206322796,50827.0
1699,13668,12.359550561797752,4.190476190476191,58952.0
1700,13670,19.196428571428573,4.511278195488721,42375.0
1701,13691,16.378162450066576,6.255144032921811,61591.0
1702,13693,2.050113895216401,3.6414565826330536,44250.0
1703,13748,9.010875194199897,4.861337683523654,58259.0
1704,12580,7.24742020638349,4.351265822784811,70757.0
1705,12603,5.178144928963632,3.1386102447385427,92454.0
1706,12067,2.238314680710994,0.0,80938.0
1707,12134,13.592473384501114,2.3045507584597433,57955.0
1708,12455,13.24228028503563,1.8284993694829759,55402.0
1709,12416,56.89149560117303,0.0,28981.0
1710,12062,3.1776913099870296,6.375838926174497,73929.0
1711,12094,6.032285471537808,8.738938053097344,82730.0
1712,12130,1.6666666666666667,2.484472049689441,-666666666.0
1713,12209,14.615229653505239,1.6574585635359116,51286.0
1714,12007,0.0,0.0,-666666666.0
1715,12024,,,-666666666.0
1716,12040,25.547445255474454,0.0,-666666666.0
1717,12069,25.12315270935961,22.972972972972975,40515.0
1718,12085,10.21021021021021,0.0,30625.0
1719,12089,45.3125,0.0,-666666666.0
1720,12124,11.814345991561181,0.0,65806.0
1721,12132,0.0,4.098360655737705,-666666666.0
1722,12161,0.0,0.0,-666666666.0
1723,12172,16.554054054054053,16.371681415929203,47841.0
1724,12174,9.066666666666666,1.8315018315018317,-666666666.0
1725,12177,0.0,4.98220640569395,113173.0
1726,12195,0.0,15.929203539823009,29563.0
1727,12222,100.0,5.308163923846402,-666666666.0
1728,12417,7.363420427553444,0.0,80833.0
1729,12432,51.11111111111111,17.647058823529413,21000.0
1730,12436,79.7872340425532,0.0,-666666666.0
1731,12438,0.0,0.0,-666666666.0
1732,12441,0.0,0.0,34091.0
1733,12452,21.454545454545453,9.956709956709958,62847.0
1734,12453,0.0,0.0,-666666666.0
1735,12465,27.184466019417474,2.6737967914438503,45735.0
1736,12475,61.35693215339233,0.0,-666666666.0
1737,12483,7.865168539325842,0.0,-666666666.0
1738,12490,48.148148148148145,0.0,-666666666.0
1739,12504,0.0,3.508771929824561,168438.0
1740,12512,0.0,0.0,76964.0
1741,12527,,,-666666666.0
1742,12530,0.0,0.0,-666666666.0
1743,12574,0.0,0.0,-666666666.0
1744,12604,0.0,2.030456852791878,-666666666.0
1745,12722,0.0,0.0,-666666666.0
1746,12745,23.0,0.0,35926.0
1747,12750,58.58895705521472,5.9171597633136095,117697.0
1748,12767,4.285714285714286,3.7593984962406015,66250.0
1749,13844,20.37974683544304,2.8169014084507045,60833.0
1750,13827,12.246711695698542,2.729945401091978,59764.0
1751,13841,16.69195751138088,9.369024856596559,42596.0
1752,13842,26.17702448210923,0.6825938566552902,53611.0
1753,13863,27.123695976154995,11.41732283464567,41607.0
1754,13040,10.81081081081081,2.0207253886010363,52339.0
1755,13054,20.901408450704224,0.9969325153374233,73725.0
1756,13060,18.372252747252748,3.616484440706476,58262.0
1757,13071,10.71049840933192,3.8157894736842106,66719.0
1758,13073,8.821221158373882,1.9830028328611897,61467.0
1759,13074,11.29915380786461,3.7431527693244067,60000.0
1760,13081,9.223744292237443,1.6375545851528384,87059.0
1761,13219,7.752147737265778,2.537541154741829,66866.0
1762,13084,7.023776988248155,1.8678657903839502,65833.0
1763,13136,17.74580335731415,8.024691358024691,47857.0
1764,13214,10.969793322734498,2.0883307464371383,74098.0
1765,13339,19.19938414164742,2.852977925864223,51758.0
1766,13363,8.708094848732625,3.117144293614882,73614.0
1767,13638,4.724409448818897,0.0,39734.0
1768,13667,25.83881010031131,8.23417420276059,36464.0
1769,13788,18.551042810098792,2.258469259723965,54375.0
1770,13685,9.878048780487806,2.8846153846153846,69286.0
1771,13815,15.21896927171546,3.5253087001602417,47966.0
1772,13020,9.090909090909092,21.34831460674157,65417.0
1773,13024,,0.0,-666666666.0
1774,13051,0.0,0.0,93774.0
1775,13064,3.6363636363636362,0.0,-666666666.0
1776,13087,7.462686567164178,5.223880597014925,116250.0
1777,13102,0.0,0.0,61125.0
1778,13103,20.657276995305164,4.25531914893617,23954.0
1779,13113,21.70818505338078,0.46511627906976744,86563.0
1780,13115,16.50943396226415,6.403940886699508,60000.0
1781,13117,10.104529616724738,0.4784688995215311,50313.0
1782,13123,0.0,0.0,-666666666.0
1783,13134,9.722222222222223,7.567567567567568,77083.0
1784,13138,0.0,48.64864864864865,-666666666.0
1785,13153,0.0,0.0,51719.0
1786,13157,11.608623548922056,0.7380073800738007,44271.0
1787,13162,0.0,0.0,133426.0
1788,13163,16.201117318435752,0.0,45417.0
1789,13305,0.0,12.5,48387.0
1790,13321,20.87912087912088,1.4684287812041115,50373.0
1791,13345,5.384615384615385,13.333333333333334,51429.0
1792,13352,0.0,0.0,-666666666.0
1793,13362,13.333333333333334,13.23529411764706,60156.0
